aX,aY,aZ,gX,gY,gZ
-0.120,-1.414,0.994,-8.972,93.384,163.269
-0.253,-1.218,0.902,5.249,108.337,244.995
-0.496,-1.303,0.958,33.569,105.164,306.519
-0.925,-1.482,0.977,60.486,98.083,361.206
-1.077,-0.782,1.317,97.839,85.083,438.904
-0.913,0.206,1.269,163.696,65.552,487.610
-0.649,0.820,1.212,169.189,39.368,468.262
-0.445,1.119,1.386,142.761,8.545,411.133
-0.280,1.122,1.531,118.591,-2.258,339.233
-0.131,0.771,1.254,78.796,15.137,261.230
0.028,0.350,0.937,39.185,33.203,194.946
0.129,0.164,0.749,15.930,31.311,161.865
0.183,0.251,0.608,-0.244,23.987,151.001
0.123,0.401,0.571,-0.427,7.263,143.921
0.070,0.292,0.638,0.732,-14.587,126.526
0.039,0.342,0.713,-1.343,-32.715,110.229
-0.015,0.288,0.970,2.136,-51.941,90.027
-0.050,0.179,1.067,9.583,-56.824,66.711
-0.026,0.118,1.191,18.250,-53.406,48.462
0.009,0.066,1.251,22.766,-44.189,33.081
0.044,0.058,1.238,23.499,-29.419,18.250
0.013,0.037,1.146,20.569,-15.503,2.014
0.006,-0.123,1.087,15.991,-7.202,-14.587
0.041,-0.234,1.016,10.071,-2.197,-24.475
0.071,-0.281,0.973,5.066,0.061,-25.208
0.094,-0.303,0.954,0.793,-0.061,-22.217
0.109,-0.257,0.963,-0.122,-1.282,-16.418
0.102,-0.209,0.952,1.404,-1.892,-11.475
0.092,-0.175,0.971,2.441,-3.174,-9.033
0.084,-0.150,0.992,3.540,-4.395,-8.911
0.073,-0.174,0.996,4.028,-4.639,-10.742
0.067,-0.196,1.007,5.371,-5.615,-12.390
0.061,-0.226,1.012,6.531,-6.409,-12.878
0.056,-0.254,1.031,6.409,-6.775,-12.390
0.057,-0.221,1.040,5.920,-6.470,-10.559
0.047,-0.184,1.043,6.348,-5.554,-9.521
0.036,-0.169,1.031,6.226,-4.333,-10.376
0.033,-0.196,1.013,6.348,-3.357,-12.085
0.034,-0.246,1.002,5.737,-3.174,-13.062
0.038,-0.231,1.004,6.470,-3.357,-10.864
0.041,-0.226,1.001,7.263,-3.540,-8.728
0.049,-0.244,0.999,6.348,-3.357,-7.568
0.055,-0.229,0.998,5.737,-3.540,-6.165
0.045,-0.213,1.012,5.737,-4.211,-4.517
0.036,-0.216,1.018,5.981,-3.967,-4.028
0.031,-0.214,1.020,5.615,-3.479,-3.357
0.031,-0.190,1.018,5.371,-2.869,-3.052
0.035,-0.167,1.018,4.456,-2.502,-3.601
0.035,-0.195,1.019,3.967,-2.258,-5.493
0.043,-0.215,1.019,2.930,-1.099,-6.348
0.044,-0.215,1.016,2.197,-0.732,-5.798
0.041,-0.215,1.018,2.869,-0.427,-5.371
0.045,-0.219,1.021,2.808,-0.549,-4.333
0.050,-0.215,1.027,3.418,-0.183,-3.784
0.045,-0.220,1.040,4.028,-0.793,-3.540
0.037,-0.223,1.052,3.662,-0.916,-3.235
0.030,-0.247,1.048,2.930,-0.122,-2.625
0.028,-0.239,1.028,2.502,1.099,-1.038
0.030,-0.226,1.017,2.930,1.465,0.671
0.035,-0.211,1.006,3.052,0.977,1.160
0.032,-0.205,1.008,2.502,-0.244,1.831
0.032,-0.218,1.007,1.953,-0.793,1.343
0.032,-0.217,1.013,2.502,-1.099,1.465
0.029,-0.206,1.036,2.563,-2.136,1.953
0.022,-0.185,1.029,3.113,-1.465,1.526
0.017,-0.199,1.016,2.869,-0.977,0.061
0.025,-0.217,1.018,2.014,-1.221,-1.404
0.033,-0.226,1.024,1.404,-1.709,-1.953
0.038,-0.220,1.021,1.404,-1.465,-1.282
0.045,-0.223,1.021,1.892,-1.282,-0.610
0.050,-0.231,1.017,2.014,-0.916,-0.122
0.052,-0.220,1.013,1.892,-0.977,0.488
0.047,-0.210,1.014,2.258,-1.465,0.732
0.044,-0.215,1.012,2.075,-1.648,0.549
0.042,-0.222,1.010,1.465,-1.953,0.793
0.043,-0.227,1.013,1.038,-1.648,1.160
0.046,-0.221,1.006,1.038,-1.038,1.648
0.043,-0.221,1.002,2.197,-1.221,2.258
0.038,-0.213,1.003,2.319,-2.075,2.991
0.033,-0.206,1.015,1.953,-2.625,3.113
0.030,-0.219,1.025,1.709,-3.235,2.380
0.025,-0.231,1.029,1.404,-3.174,1.892
0.022,-0.223,1.033,1.038,-2.747,2.197
0.024,-0.201,1.012,0.977,-1.770,2.563
0.028,-0.207,1.001,1.404,-0.977,1.343
0.031,-0.214,0.985,1.770,-1.282,0.366
0.031,-0.204,0.999,2.747,-2.502,0.732
0.025,-0.220,0.998,3.723,-3.113,-0.122
0.020,-0.221,1.003,3.662,-3.357,-0.366
0.018,-0.215,1.017,3.479,-3.418,-0.366
0.021,-0.223,1.018,3.174,-2.625,-0.916
0.027,-0.232,1.013,2.258,-1.892,-1.160
0.033,-0.230,1.008,1.892,-1.465,-0.671
0.037,-0.215,1.002,2.319,-1.099,-0.549
0.038,-0.208,1.004,2.625,-1.404,-0.122
0.034,-0.211,1.000,2.991,-0.977,-0.671
0.036,-0.213,1.000,3.601,-1.099,-1.038
0.033,-0.220,1.007,4.089,-1.526,-1.465
0.033,-0.231,1.009,4.456,-1.648,-1.587
0.033,-0.234,1.017,3.784,-1.770,-1.160
0.030,-0.224,1.023,3.296,-1.831,-0.549
0.034,-0.224,1.013,2.747,-1.099,-0.427
0.031,-0.225,1.005,2.930,-0.610,-0.366
0.034,-0.217,1.000,2.686,-0.305,0.000
0.034,-0.216,0.993,3.540,-0.549,-0.183
0.032,-0.219,0.994,4.089,-1.282,-0.122
0.032,-0.220,1.004,4.700,-1.709,-0.244
0.030,-0.222,1.011,5.188,-2.075,-0.610
0.022,-0.226,1.024,4.822,-2.747,-0.366
0.022,-0.233,1.015,4.517,-1.587,-0.488
0.025,-0.226,1.015,4.272,-1.343,-0.061
0.025,-0.220,1.011,4.395,-1.343,-0.122
0.024,-0.220,1.008,4.272,-1.587,-0.610
0.023,-0.220,1.016,3.906,-2.075,-0.916
0.021,-0.210,1.009,4.333,-2.014,-1.099
0.024,-0.219,1.014,4.578,-1.831,-1.465
0.033,-0.256,1.017,4.333,-1.282,-2.197
0.038,-0.255,1.026,4.395,-1.526,-0.854
0.035,-0.237,1.031,4.272,-1.343,0.793

-0.507,-1.695,1.217,179.932,-46.631,-339.172
-0.418,-1.787,1.180,199.951,-34.912,-250.427
-0.351,-1.702,0.944,238.464,-20.081,-148.437
-0.254,-1.388,0.706,253.052,-12.817,-50.293
-0.141,-1.091,0.582,218.933,-23.804,24.414
-0.074,-1.043,0.825,118.835,-36.987,69.458
-0.116,-1.074,0.932,49.133,-33.081,99.976
-0.169,-1.255,0.834,7.751,-13.000,128.845
-0.214,-1.362,0.772,-24.231,1.831,168.030
-0.339,-1.238,0.644,-66.223,12.329,219.971
-0.558,-1.351,0.722,-96.313,6.104,261.597
-0.777,-1.501,0.752,-102.234,-0.366,302.612
-0.857,-0.969,0.668,-99.243,-12.451,362.854
-0.819,-0.331,0.769,-57.190,-43.762,396.667
-0.569,0.427,1.302,0.732,-78.003,388.977
-0.331,0.720,1.685,22.278,-89.417,345.276
-0.311,0.358,1.051,18.738,-41.626,266.602
-0.263,0.090,0.886,-1.099,-26.611,218.323
-0.132,0.128,1.047,-23.315,-34.363,195.557
-0.019,0.039,0.924,-42.664,-28.137,174.866
0.022,-0.079,0.795,-55.298,-23.682,156.616
0.019,-0.032,0.807,-59.570,-32.471,149.963
-0.014,-0.000,0.886,-57.617,-42.480,143.250
-0.066,-0.037,0.878,-46.448,-47.791,131.592
-0.093,-0.009,0.928,-32.104,-52.002,120.422
-0.106,0.166,1.124,-18.127,-54.626,109.375
-0.089,0.094,1.268,-7.080,-51.086,87.158
-0.068,-0.129,1.145,-4.150,-30.579,59.937
-0.043,-0.232,1.045,-5.188,-15.747,44.617
-0.014,-0.250,1.066,-6.287,-12.573,37.170
0.023,-0.217,1.008,-1.892,-10.315,33.142
0.056,-0.217,0.988,0.122,-8.850,29.419
0.079,-0.211,0.967,0.549,-7.446,24.475
0.080,-0.200,0.973,0.000,-6.897,19.653
0.058,-0.178,0.978,1.160,-6.714,14.587
0.036,-0.175,0.987,3.113,-5.615,8.972
0.018,-0.246,0.971,5.066,-4.822,2.747
0.011,-0.286,0.964,5.615,-4.272,-0.732
0.005,-0.280,0.998,5.920,-4.822,-2.502
-0.001,-0.296,1.001,6.592,-4.700,-4.883
-0.007,-0.339,1.003,6.592,-4.395,-7.019
-0.004,-0.358,1.006,5.676,-4.333,-7.080
0.002,-0.356,1.019,4.150,-3.967,-6.470
0.000,-0.334,1.017,3.357,-2.991,-5.920
-0.002,-0.310,1.001,4.211,-1.160,-5.737
-0.004,-0.337,0.985,4.639,0.244,-6.409
-0.008,-0.351,0.981,4.089,0.244,-6.653
-0.006,-0.342,0.974,4.456,-0.244,-5.920
-0.007,-0.312,0.985,5.737,-1.099,-5.005
-0.013,-0.307,0.991,6.836,-1.526,-4.883
-0.017,-0.340,0.975,7.324,-0.671,-5.676
-0.014,-0.344,0.982,7.263,-1.648,-5.676
-0.011,-0.339,0.998,7.263,-2.563,-5.249
-0.007,-0.347,1.002,6.409,-2.441,-5.310
-0.006,-0.351,1.001,5.127,-1.892,-5.005
0.001,-0.349,1.001,4.578,-1.770,-4.089
0.001,-0.352,1.001,3.662,-1.160,-3.235
0.010,-0.333,1.001,3.540,-1.465,-2.502
0.002,-0.324,1.000,3.174,-1.770,-1.953
-0.004,-0.320,0.979,3.479,-0.977,-2.136
-0.001,-0.333,0.979,3.967,-1.404,-2.441
-0.002,-0.323,0.991,4.456,-2.319,-1.465
-0.005,-0.334,0.990,5.005,-2.075,-1.282
-0.005,-0.341,0.983,4.578,-2.136,-1.099
-0.008,-0.333,0.990,3.662,-2.686,-0.305
-0.014,-0.327,0.984,3.845,-2.380,-0.183
-0.014,-0.321,0.999,3.662,-2.441,-0.061
-0.013,-0.318,0.997,3.540,-2.014,-0.671
-0.014,-0.330,0.975,3.601,-1.038,-1.282
-0.012,-0.346,0.978,2.991,-1.465,-1.831
-0.010,-0.341,0.997,1.892,-2.502,-1.221
-0.017,-0.333,1.000,1.648,-2.380,-0.793
-0.020,-0.331,0.995,1.953,-1.709,-0.854
-0.015,-0.353,0.974,1.709,-1.465,-1.221
-0.007,-0.354,0.989,1.038,-2.319,-0.610
-0.006,-0.343,0.990,0.977,-2.502,0.549
-0.008,-0.330,0.996,1.221,-2.014,0.977
-0.011,-0.321,0.997,1.160,-1.648,1.099
-0.008,-0.342,0.985,1.648,-1.526,0.427
-0.009,-0.331,0.994,1.099,-2.197,0.366
-0.012,-0.329,0.989,1.282,-2.563,0.183
-0.013,-0.344,0.980,1.831,-2.563,-0.488
-0.012,-0.344,0.992,1.892,-3.052,-0.488
-0.011,-0.349,0.990,1.221,-3.113,0.122
-0.016,-0.341,0.995,0.427,-3.174,0.916
-0.016,-0.330,0.985,0.732,-2.319,1.160
-0.011,-0.340,0.970,0.916,-1.770,1.160
-0.011,-0.331,0.974,1.099,-1.892,1.099
-0.008,-0.343,0.975,0.671,-2.380,1.282
-0.005,-0.344,0.970,0.916,-2.747,1.648
-0.009,-0.335,0.988,1.831,-3.174,2.075
-0.019,-0.344,0.986,2.014,-3.296,2.502
-0.019,-0.339,0.993,2.197,-2.563,2.258
-0.020,-0.337,0.991,1.709,-2.319,2.380
-0.020,-0.339,0.974,1.038,-0.977,2.319
-0.014,-0.339,0.961,0.549,-0.427,2.014
-0.014,-0.322,0.970,0.366,-1.099,2.136
-0.016,-0.319,0.976,1.221,-2.014,2.014
-0.017,-0.321,0.978,2.258,-2.136,1.648
-0.017,-0.329,0.984,3.113,-2.136,1.038
-0.013,-0.357,0.981,4.272,-2.319,0.549
-0.012,-0.354,0.984,3.845,-2.319,0.732
-0.010,-0.352,0.992,2.441,-2.014,1.465
-0.011,-0.338,0.984,2.014,-1.465,2.014
-0.010,-0.335,0.984,2.625,-1.221,1.953
-0.012,-0.346,0.972,2.502,-1.282,1.831
-0.015,-0.349,0.973,2.563,-1.587,1.404
-0.010,-0.372,0.982,1.953,-2.625,1.587
-0.010,-0.362,0.997,1.099,-2.808,2.747
-0.016,-0.347,0.999,1.343,-2.258,3.967
-0.021,-0.338,0.990,1.282,-1.648,4.456
-0.025,-0.336,0.986,2.319,-1.526,3.418
-0.027,-0.316,0.977,3.174,-1.709,2.930
-0.025,-0.333,0.980,2.502,-1.648,1.648
-0.021,-0.350,0.968,2.808,-1.465,0.244
-0.020,-0.341,0.985,2.930,-1.770,0.610
-0.020,-0.336,0.981,3.357,-1.526,0.488
-0.017,-0.344,0.972,3.235,-1.099,0.061
-0.015,-0.349,0.984,2.686,-1.648,-0.061

-0.312,-1.678,1.205,23.621,-60.242,-226.257
-0.317,-1.595,1.554,28.870,-62.439,-164.062
-0.295,-1.308,1.550,30.823,-36.621,-99.609
-0.231,-0.991,1.269,35.461,-0.549,-46.204
-0.142,-0.804,0.941,36.438,23.071,-12.573
-0.071,-0.719,0.668,37.109,26.611,7.935
-0.042,-0.707,0.507,36.072,14.709,24.658
-0.034,-0.859,0.453,28.442,-3.601,41.138
-0.086,-1.080,0.432,7.874,-16.785,67.444
-0.180,-1.231,0.550,-6.775,-35.461,104.736
-0.326,-1.345,0.617,-16.602,-54.016,149.109
-0.572,-1.581,0.688,-36.133,-63.782,196.777
-0.901,-1.981,0.789,-66.101,-67.322,257.874
-1.173,-1.424,0.752,-67.200,-72.571,356.567
-1.186,-0.606,0.591,-48.523,-89.478,437.195
-1.036,0.076,0.727,-46.753,-112.305,456.970
-0.546,0.809,1.810,5.737,-140.625,432.678
-0.286,0.595,1.784,35.522,-104.370,350.098
-0.277,0.120,0.763,13.672,-26.917,260.986
-0.145,-0.084,0.803,-23.193,-24.902,222.290
0.032,0.139,1.007,-48.889,-46.936,208.313
0.071,0.266,0.870,-73.547,-40.710,190.979
0.053,0.318,0.868,-88.013,-40.588,164.734
0.032,0.199,1.059,-75.500,-54.504,136.047
0.004,0.080,1.137,-56.274,-55.847,111.206
-0.030,-0.042,1.140,-40.955,-47.668,90.820
-0.073,-0.083,1.104,-30.518,-37.964,76.172
-0.103,-0.091,1.123,-17.639,-31.982,64.087
-0.108,-0.155,1.055,-9.033,-23.804,50.537
-0.101,-0.208,1.022,-4.700,-17.456,38.330
-0.076,-0.251,1.045,-3.723,-15.625,27.405
-0.051,-0.247,1.047,-2.686,-12.573,18.799
-0.035,-0.288,1.015,-0.793,-9.399,10.803
-0.012,-0.322,0.997,-0.732,-5.798,5.005
-0.005,-0.311,1.011,-0.183,-4.944,2.441
-0.015,-0.305,1.007,0.977,-3.845,0.000
-0.015,-0.356,0.964,1.892,-1.953,-2.686
-0.010,-0.385,0.971,0.793,-2.441,-3.601
-0.014,-0.363,1.002,0.427,-4.211,-1.770
-0.022,-0.337,0.995,1.709,-4.272,-0.732
-0.040,-0.324,0.983,3.601,-4.089,-0.977
-0.043,-0.347,0.974,3.601,-4.333,-2.197
-0.036,-0.375,0.972,2.869,-4.211,-3.662
-0.032,-0.391,0.982,1.892,-4.761,-3.601
-0.041,-0.364,1.005,0.916,-4.761,-2.686
-0.048,-0.339,1.000,0.854,-3.540,-1.770
-0.052,-0.339,0.968,1.465,-1.343,-2.502
-0.046,-0.348,0.968,2.136,-1.221,-3.601
-0.044,-0.353,0.970,3.357,-1.709,-4.211
-0.045,-0.334,0.985,4.578,-1.465,-4.089
-0.043,-0.360,0.977,5.310,-0.854,-5.005
-0.033,-0.395,0.979,4.150,0.122,-5.798
-0.029,-0.397,0.994,3.296,0.000,-4.639
-0.027,-0.377,0.969,3.296,1.221,-2.319
-0.031,-0.360,0.962,3.418,1.038,-0.244
-0.030,-0.368,0.947,3.906,0.916,0.000
-0.029,-0.384,0.970,4.150,-0.977,0.061
-0.035,-0.394,1.000,3.357,-1.709,0.671
-0.047,-0.397,1.005,3.418,-0.427,1.221
-0.053,-0.388,0.987,2.869,1.953,2.808
-0.047,-0.359,0.961,2.319,3.723,3.418
-0.042,-0.330,0.955,2.686,2.380,2.747
-0.045,-0.342,0.946,2.747,0.854,0.488
-0.050,-0.354,0.952,3.052,-0.732,-0.793
-0.052,-0.383,0.974,3.174,-2.136,-1.648
-0.047,-0.392,0.989,2.686,-1.526,-1.282
-0.048,-0.385,0.994,2.380,0.000,-0.549
-0.050,-0.370,0.994,2.380,1.099,-0.183
-0.050,-0.381,0.976,1.709,2.197,-0.122
-0.045,-0.368,0.962,1.587,2.930,0.671
-0.048,-0.325,0.961,2.258,2.625,1.587
-0.056,-0.337,0.942,3.723,1.953,0.122
-0.051,-0.365,0.935,4.211,1.465,-1.770
-0.045,-0.360,0.988,4.578,-0.854,-2.502
-0.048,-0.348,0.997,4.578,-0.854,-3.235
-0.046,-0.362,0.999,4.395,0.732,-4.456
-0.045,-0.390,0.969,4.272,2.258,-5.005
-0.041,-0.413,0.948,3.723,2.258,-4.395
-0.034,-0.399,0.958,2.991,0.610,-2.136
-0.033,-0.359,0.979,3.052,-0.916,0.244
-0.038,-0.378,0.971,2.258,-0.549,0.122
-0.038,-0.373,0.974,2.014,-0.244,0.427
-0.034,-0.339,0.968,2.686,-0.244,1.282
-0.038,-0.359,0.958,2.563,0.244,0.305
-0.034,-0.367,0.964,1.648,0.000,-0.061
-0.034,-0.360,0.973,2.075,-0.244,0.183
-0.040,-0.340,0.980,2.747,0.305,0.183
-0.040,-0.357,0.959,2.563,0.732,-0.305
-0.034,-0.353,0.960,3.296,0.488,-0.732
-0.032,-0.341,0.963,4.211,0.061,-1.099
-0.031,-0.356,0.948,4.700,0.061,-1.953
-0.032,-0.375,0.956,4.944,-1.221,-2.686
-0.031,-0.381,0.956,4.761,-1.709,-2.136
-0.032,-0.369,0.972,4.272,-1.892,-0.854
-0.034,-0.366,0.964,4.028,-1.099,0.000
-0.031,-0.376,0.970,3.906,-0.916,0.488
-0.031,-0.375,0.964,3.662,-1.221,1.038
-0.036,-0.366,0.979,3.723,-1.770,1.282
-0.041,-0.367,0.993,3.967,-1.831,0.916
-0.038,-0.365,0.984,3.967,-0.488,0.916
-0.038,-0.372,0.966,4.578,0.244,0.549
-0.031,-0.344,0.964,4.761,-0.122,0.671
-0.031,-0.390,0.968,3.723,-0.549,-0.610
-0.027,-0.392,0.967,3.479,-0.793,-0.305
-0.032,-0.367,0.978,4.028,-1.221,1.404
-0.033,-0.359,0.963,4.639,-1.465,1.892
-0.041,-0.363,0.968,3.479,-1.709,1.648
-0.042,-0.368,0.974,2.991,-2.014,0.793
-0.041,-0.382,0.962,2.808,-1.282,0.000
-0.032,-0.375,0.970,1.892,-1.526,-0.122
-0.035,-0.372,0.966,2.075,-1.587,0.061
-0.032,-0.380,0.957,2.563,-1.221,0.244
-0.029,-0.381,0.962,2.991,-1.831,0.732
-0.035,-0.367,0.979,3.479,-2.869,1.343
-0.045,-0.364,0.995,3.540,-3.235,1.221
-0.049,-0.381,0.991,2.991,-2.502,0.427
-0.043,-0.393,0.984,2.380,-1.709,-0.122
-0.035,-0.382,0.984,2.014,-1.160,-0.122
-0.036,-0.360,0.970,1.892,-0.366,0.244

-0.369,1.605,1.148,18.372,88.623,-256.592
-0.460,0.968,1.045,-21.912,98.572,-361.511
-0.635,0.442,0.860,-80.933,84.473,-427.673
-0.591,-0.085,1.022,-96.985,50.598,-458.618
-0.480,-0.746,1.075,-71.045,12.512,-460.937
-0.468,-1.112,1.053,-50.659,1.953,-439.331
-0.354,-1.347,1.188,-25.513,-8.057,-411.316
-0.286,-1.456,1.227,6.165,-8.789,-367.981
-0.169,-1.512,0.929,31.250,15.381,-308.655
-0.055,-1.306,0.784,13.306,30.945,-235.779
0.028,-0.980,0.774,4.822,25.085,-165.710
0.082,-0.863,0.867,7.629,12.695,-119.873
0.083,-0.833,0.984,-4.089,7.019,-89.966
0.076,-0.757,1.001,-14.893,8.301,-57.678
0.089,-0.813,1.056,-20.264,8.301,-31.250
0.077,-0.763,1.056,-19.775,7.812,-3.540
0.078,-0.744,1.022,-13.794,8.484,26.855
0.043,-0.849,1.004,-21.362,13.550,55.481
0.009,-0.983,0.938,-32.104,20.630,89.905
-0.017,-0.923,0.845,-34.241,24.109,133.118
-0.090,-0.724,0.787,-30.579,19.104,176.453
-0.198,-0.618,0.918,-35.950,9.033,203.796
-0.346,-0.667,1.048,-40.222,-0.061,219.849
-0.478,-0.617,1.125,-37.048,-2.869,241.699
-0.577,-0.595,1.175,-38.879,-1.038,266.785
-0.628,-0.547,1.216,-35.828,1.953,292.786
-0.638,-0.349,1.122,-12.939,-1.587,318.054
-0.524,0.047,0.977,14.221,-12.390,333.557
-0.347,0.430,0.962,25.574,-23.560,328.796
-0.123,0.858,1.087,17.090,-34.546,304.016
0.013,0.830,1.094,7.996,-33.691,259.338
0.115,0.488,0.966,7.935,-24.841,204.529
0.149,0.454,0.884,11.169,-20.874,171.082
0.109,0.473,0.984,19.043,-26.306,150.513
0.089,0.312,0.995,24.170,-27.344,128.662
0.083,0.220,1.025,25.757,-24.231,110.840
0.060,0.265,1.034,33.875,-23.071,101.074
0.047,0.199,1.075,34.729,-21.790,88.135
0.068,0.137,1.080,30.212,-19.287,73.853
0.053,0.137,1.116,27.405,-18.250,63.721
0.026,-0.003,1.099,24.231,-15.747,51.880
0.052,-0.002,1.068,23.682,-12.390,45.593
0.075,0.047,1.121,23.071,-11.841,42.847
0.069,0.051,1.087,20.630,-8.118,36.011
0.058,0.008,1.048,16.602,-3.967,28.687
0.054,-0.003,0.993,10.742,-2.014,23.010
0.052,-0.015,0.961,7.202,-2.808,18.127
0.035,-0.002,0.984,5.981,-5.188,13.367
0.017,-0.076,0.969,7.507,-4.700,8.667
0.027,-0.152,0.992,8.118,-4.700,5.676
0.026,-0.164,1.017,6.714,-5.066,6.836
0.020,-0.126,1.037,5.432,-4.639,8.789
0.008,-0.077,1.034,5.554,-4.150,9.644
-0.005,-0.079,1.026,6.409,-3.540,7.935
-0.007,-0.127,1.026,6.226,-3.845,4.456
-0.006,-0.119,1.087,6.653,-5.005,2.808
-0.014,-0.132,1.062,8.667,-4.150,1.221
0.005,-0.184,1.018,8.545,-1.831,-1.160
0.031,-0.165,1.018,5.981,-2.930,-0.488
0.034,-0.120,1.019,5.432,-3.601,0.244
0.037,-0.121,1.019,6.653,-3.479,-0.977
0.039,-0.162,1.028,5.493,-3.357,-2.747
0.044,-0.140,1.037,4.456,-2.808,-2.930
0.040,-0.114,1.013,5.432,-1.282,-2.869
0.035,-0.165,0.984,4.822,-0.305,-4.272
0.033,-0.173,1.011,4.272,-1.404,-4.272
0.021,-0.134,1.049,4.456,-2.136,-3.174
0.011,-0.146,1.052,4.089,-0.671,-3.296
0.011,-0.145,1.038,3.113,1.953,-3.540
0.010,-0.114,1.029,3.052,3.052,-3.723
0.013,-0.137,1.002,4.089,3.723,-5.371
0.016,-0.123,1.004,4.456,3.113,-6.042
0.017,-0.103,1.025,4.333,1.587,-6.409
0.017,-0.099,1.027,5.066,2.136,-8.301
0.018,-0.096,1.040,5.798,2.625,-9.949
0.019,-0.129,1.020,5.798,4.150,-11.353
0.047,-0.198,1.001,4.211,5.493,-12.146
0.064,-0.185,1.018,1.831,4.150,-8.789
0.066,-0.136,1.042,0.610,2.625,-5.737
0.061,-0.122,1.036,0.122,2.380,-4.272
0.053,-0.134,1.035,-0.854,2.319,-3.479
0.048,-0.097,1.042,-0.793,1.648,-2.197
0.046,-0.067,1.040,-0.122,1.648,-1.465
0.046,-0.101,1.011,0.854,2.380,-2.869
0.051,-0.144,1.000,1.404,2.014,-3.662
0.054,-0.106,1.021,1.953,-0.061,-1.648
0.042,-0.100,1.039,1.831,-1.160,-0.427
0.033,-0.110,1.045,1.404,-0.610,-0.793
0.029,-0.124,1.040,0.366,0.366,-0.854
0.028,-0.127,1.026,0.488,1.404,-0.122
0.028,-0.105,1.016,0.122,1.709,1.038
0.033,-0.101,1.004,0.916,1.892,0.793
0.041,-0.145,0.998,1.160,1.282,-0.122
0.057,-0.128,1.006,0.122,0.305,1.465
0.061,-0.120,1.009,0.366,-0.427,2.441
0.058,-0.101,1.029,1.099,-1.160,3.052
0.056,-0.098,1.040,1.770,-1.770,2.625
0.054,-0.115,1.057,2.075,-1.770,1.953
0.052,-0.120,1.049,2.441,-0.305,1.587
0.059,-0.110,1.046,2.014,0.610,1.465
0.061,-0.125,1.040,0.977,0.732,0.549
0.057,-0.146,1.036,0.427,0.854,-0.122
0.057,-0.147,1.042,0.000,0.488,1.099
0.059,-0.125,1.041,0.244,0.183,2.075
0.051,-0.131,1.051,-0.244,-0.305,2.319
0.048,-0.148,1.038,-1.221,0.488,1.587
0.046,-0.140,1.026,-1.526,0.854,2.136
0.046,-0.117,1.015,-0.549,0.793,2.808
0.048,-0.097,1.001,-0.061,0.977,2.747
0.050,-0.112,1.001,1.160,0.183,1.343
0.048,-0.134,1.000,1.160,-0.366,0.732
0.051,-0.132,1.000,1.465,-0.488,0.916
0.054,-0.110,1.002,2.014,-1.282,2.014
0.051,-0.117,1.001,2.930,-1.953,1.465
0.048,-0.117,1.026,3.052,-3.418,1.099
0.050,-0.121,1.036,3.235,-3.540,0.793
0.048,-0.109,1.040,3.479,-3.296,0.549
0.043,-0.095,1.045,3.479,-3.052,0.732
0.040,-0.105,1.029,4.517,-2.197,-0.488

-0.335,1.079,1.131,-35.034,59.570,-280.762
-0.441,0.852,1.004,-39.490,52.490,-341.736
-0.569,0.624,0.702,14.038,38.086,-382.568
-0.562,0.277,0.594,49.744,18.494,-400.574
-0.543,-0.016,0.564,81.299,-6.287,-408.203
-0.536,-0.318,0.622,93.445,-26.428,-407.654
-0.463,-0.774,0.641,98.572,-39.978,-399.292
-0.377,-1.328,0.752,119.751,-50.903,-379.333
-0.323,-1.815,0.833,120.972,-47.302,-344.055
-0.156,-2.114,1.078,90.515,-40.222,-267.639
0.020,-1.824,1.494,27.222,-29.724,-169.678
0.118,-1.186,1.580,-8.118,-3.357,-89.294
0.159,-0.865,1.234,-22.522,31.067,-43.640
0.177,-0.930,0.898,-28.870,48.706,-23.193
0.201,-0.923,0.760,-34.729,45.288,4.211
0.243,-0.823,0.770,-32.776,31.189,41.382
0.251,-0.749,0.806,-39.551,21.545,71.777
0.221,-0.776,0.851,-44.495,13.733,95.337
0.163,-0.979,0.701,-57.556,16.357,119.934
0.061,-1.024,0.604,-75.195,12.817,157.349
-0.130,-0.892,0.803,-111.938,3.967,202.026
-0.373,-1.043,1.128,-131.958,-6.348,233.704
-0.650,-1.130,1.336,-100.159,-9.644,270.996
-0.849,-0.988,1.333,-36.865,-5.005,321.350
-1.000,-0.722,1.215,26.306,-6.042,372.375
-1.052,-0.422,1.123,45.227,-11.047,399.475
-0.721,0.407,1.316,78.918,-29.541,406.006
-0.359,0.886,1.520,100.891,-47.058,380.005
-0.101,0.976,1.348,69.641,-37.720,323.975
0.137,0.942,1.134,38.940,-21.423,264.832
0.238,0.891,0.884,21.851,-11.169,211.609
0.254,0.691,0.785,24.414,-12.939,166.443
0.175,0.417,0.664,20.020,-18.982,135.254
0.078,0.323,0.746,21.118,-31.860,119.141
0.004,0.251,0.891,22.888,-42.847,107.361
-0.043,0.170,1.019,20.996,-44.556,92.834
-0.056,0.110,1.106,17.822,-40.405,80.444
-0.069,0.053,1.105,14.832,-33.508,67.566
-0.065,0.076,1.140,12.817,-29.358,56.396
-0.054,0.035,1.144,11.353,-25.330,43.152
-0.020,-0.032,1.142,6.165,-18.982,29.358
0.007,-0.046,1.108,1.526,-13.306,20.752
0.008,-0.119,1.019,-1.587,-7.629,13.489
0.046,-0.111,1.001,-5.798,-6.104,10.315
0.057,-0.076,1.003,-8.179,-6.897,8.972
0.040,-0.039,1.042,-8.667,-7.629,6.775
0.047,-0.083,1.004,-7.141,-5.920,2.686
0.052,-0.089,1.001,-7.019,-4.700,-0.549
0.043,-0.067,1.016,-5.554,-5.310,-2.502
0.040,-0.107,0.991,-4.272,-4.822,-4.700
0.031,-0.174,1.002,-5.005,-5.371,-6.165
0.016,-0.156,1.059,-6.226,-7.568,-5.676
-0.002,-0.100,1.093,-5.249,-6.958,-4.639
-0.007,-0.099,1.058,-4.700,-4.089,-6.104
-0.004,-0.146,1.038,-5.371,-2.747,-8.301
0.001,-0.186,1.021,-6.409,-2.502,-9.155
0.018,-0.185,1.033,-7.690,-2.747,-7.690
0.023,-0.137,1.053,-9.827,-2.258,-5.310
0.022,-0.094,1.031,-10.010,0.244,-3.784
0.017,-0.103,1.003,-8.667,2.502,-4.639
0.032,-0.112,1.006,-7.446,2.319,-5.615
0.039,-0.097,1.018,-5.432,1.160,-5.371
0.032,-0.082,1.021,-3.601,0.854,-5.432
0.015,-0.085,1.013,-3.235,1.831,-6.409
0.017,-0.076,1.010,-3.784,1.648,-7.690
0.020,-0.043,1.025,-3.479,-0.244,-9.766
0.007,-0.045,1.056,-3.540,-0.732,-13.062
0.003,-0.160,1.042,-5.310,0.977,-17.273
0.016,-0.158,1.064,-7.263,2.747,-15.930
0.025,-0.080,1.062,-5.859,4.578,-12.756
0.021,-0.088,1.041,-6.226,7.446,-12.695
0.038,-0.108,1.031,-7.629,9.277,-13.245
0.047,-0.089,1.034,-8.240,9.399,-12.146
0.033,-0.092,1.032,-8.301,9.705,-11.780
0.037,-0.076,1.001,-9.216,11.353,-12.146
0.047,-0.024,1.007,-9.033,10.864,-11.597
0.056,0.010,1.018,-8.667,10.742,-12.817
0.055,-0.065,1.037,-8.057,10.925,-17.761
0.044,-0.139,1.031,-9.949,12.085,-20.752
0.034,-0.128,1.044,-12.024,12.878,-18.127
0.043,-0.105,1.004,-11.902,14.160,-14.893
0.043,-0.057,0.996,-11.597,13.733,-12.207
0.038,-0.067,0.975,-11.353,12.634,-12.207
0.044,-0.048,0.976,-8.667,11.169,-11.963
0.049,-0.046,0.991,-6.042,9.888,-12.085
0.051,-0.104,1.000,-5.920,9.460,-13.611
0.051,-0.104,1.001,-6.165,8.850,-12.756
0.058,-0.051,1.000,-4.761,8.240,-10.010
0.057,-0.036,1.001,-4.089,7.935,-9.216
0.053,-0.074,0.992,-4.395,7.996,-10.437
0.049,-0.105,0.991,-4.517,7.202,-10.376
0.044,-0.116,0.988,-3.235,5.493,-8.728
0.057,-0.106,0.998,-2.075,3.540,-6.287
0.071,-0.045,1.028,-1.465,1.526,-4.517
0.071,-0.026,1.028,-1.099,0.610,-4.517
0.068,-0.067,1.033,-1.038,0.549,-5.798
0.070,-0.107,1.045,-1.892,0.488,-5.798
0.077,-0.092,1.068,-2.075,0.732,-4.150
0.079,-0.074,1.052,-1.770,1.465,-1.892
0.072,-0.063,1.034,-0.977,1.221,-0.488
0.064,-0.066,1.022,-1.038,-0.122,-0.183
0.063,-0.090,1.038,-0.488,-1.770,-0.305
0.065,-0.085,1.085,0.244,-3.662,0.244
0.069,-0.081,1.098,0.183,-3.601,1.099
0.076,-0.083,1.067,-0.366,-2.014,1.526
0.080,-0.074,1.058,-0.854,-2.136,2.319
0.072,-0.067,1.063,-1.465,-3.052,2.380
0.060,-0.061,1.055,-0.549,-2.869,2.686
0.054,-0.060,1.048,0.671,-2.563,2.563
0.051,-0.054,1.054,0.854,-2.563,2.075
0.047,-0.055,1.050,0.916,-2.625,2.014
0.058,-0.091,1.046,1.160,-2.197,1.221
0.056,-0.089,1.067,-0.183,-2.930,1.770
0.051,-0.066,1.064,-0.366,-2.991,2.869
0.049,-0.050,1.024,-0.061,-1.282,2.747
0.042,-0.039,1.020,-0.427,-1.648,2.380
0.035,-0.034,1.018,-0.732,-2.930,1.587
0.033,-0.034,1.012,-0.183,-2.625,0.427
0.037,-0.058,1.013,0.000,-2.930,-1.038

-0.251,1.481,1.194,-2.563,52.307,-205.444
-0.441,1.529,0.992,-18.311,65.369,-285.034
-0.578,1.155,0.860,-20.264,62.988,-367.981
-0.575,0.582,0.587,7.874,48.950,-422.302
-0.605,-0.102,0.470,-8.484,21.179,-453.735
-0.550,-0.440,0.663,71.228,-43.213,-465.088
-0.541,-0.772,1.126,146.790,-84.595,-448.975
-0.535,-0.992,1.027,161.499,-70.557,-423.218
-0.411,-1.204,0.955,181.946,-55.725,-391.968
-0.289,-1.521,1.061,161.072,-44.312,-355.347
-0.242,-1.780,1.194,105.957,-18.433,-309.265
-0.116,-1.624,1.153,59.998,10.559,-226.196
0.009,-1.023,1.036,26.184,31.860,-137.878
0.054,-0.793,0.875,10.193,40.588,-95.337
0.074,-0.772,0.787,8.362,34.180,-77.454
0.089,-0.756,0.832,5.798,19.348,-57.922
0.086,-0.678,0.951,2.502,6.531,-36.011
0.071,-0.631,0.964,0.732,3.357,-15.686
0.049,-0.759,0.906,-4.456,7.263,1.709
0.042,-0.846,0.901,-12.024,9.460,28.564
0.018,-0.870,0.938,-16.846,9.277,63.049
0.019,-0.943,0.927,-23.437,14.771,98.755
-0.046,-0.892,0.791,-31.738,23.865,139.465
-0.199,-1.087,0.725,-29.480,24.841,176.208
-0.469,-1.536,0.739,-39.612,22.400,216.309
-0.749,-1.866,0.941,-62.073,23.560,277.771
-0.886,-1.338,1.257,-43.640,12.329,371.399
-0.917,-0.833,1.124,-15.930,13.489,445.374
-0.858,-0.461,0.877,-1.282,2.014,472.595
-0.718,0.203,0.746,-2.747,-24.658,476.074
-0.469,1.072,1.025,4.822,-62.561,461.548
-0.144,1.382,1.524,1.465,-87.585,407.288
0.144,1.317,1.377,-10.620,-62.378,321.777
0.306,0.720,1.010,-20.630,-24.963,228.271
0.276,0.321,0.716,-10.132,-16.052,178.101
0.213,0.198,0.699,2.319,-31.860,164.612
0.124,0.146,0.748,5.432,-48.401,158.386
-0.006,0.259,0.839,18.738,-63.293,152.039
-0.054,0.436,1.242,37.842,-77.576,137.573
-0.095,0.279,1.327,39.124,-68.054,111.633
-0.075,0.113,1.243,35.828,-42.053,85.327
-0.038,0.021,1.200,33.691,-27.039,67.566
-0.015,-0.071,1.103,30.701,-16.541,53.345
0.026,-0.179,1.062,22.522,-12.146,42.236
0.068,-0.159,1.041,13.306,-10.376,36.804
0.076,-0.129,1.006,8.484,-9.338,35.034
0.074,-0.109,0.966,6.287,-8.606,32.593
0.082,-0.071,0.947,6.348,-9.583,30.396
0.081,-0.053,0.944,6.897,-11.108,27.222
0.080,-0.070,0.984,5.554,-13.611,22.461
0.059,-0.098,1.051,2.808,-14.771,16.785
0.022,-0.171,1.067,0.793,-12.268,12.268
0.020,-0.236,1.053,-1.282,-8.789,10.254
0.012,-0.160,1.086,-3.113,-8.301,11.536
-0.002,-0.085,1.062,-3.296,-6.958,9.949
-0.010,-0.106,1.017,-3.784,-5.371,4.395
0.001,-0.134,1.002,-3.662,-5.371,-0.549
0.023,-0.186,1.017,-3.601,-6.042,-4.456
0.039,-0.187,1.046,-5.127,-6.104,-5.676
0.046,-0.175,1.056,-5.920,-5.188,-4.639
0.054,-0.157,1.027,-5.188,-2.625,-3.479
0.049,-0.131,1.004,-4.272,-1.404,-3.174
0.039,-0.137,1.000,-3.296,-2.441,-3.601
0.040,-0.161,1.011,-2.319,-3.662,-5.005
0.038,-0.154,1.046,-1.526,-3.906,-5.066
0.039,-0.179,1.029,0.061,-2.502,-4.883
0.045,-0.185,1.013,0.244,-1.221,-3.540
0.060,-0.180,1.012,-0.732,-1.343,-2.319
0.055,-0.179,1.022,-2.258,-2.075,-1.099
0.045,-0.169,1.039,-2.869,-2.869,0.061
0.039,-0.144,1.048,-1.770,-2.441,0.793
0.037,-0.153,1.034,-1.160,-1.221,0.854
0.046,-0.151,1.012,-1.282,-0.244,1.343
0.055,-0.115,0.999,-0.244,-0.671,2.075
0.055,-0.120,0.998,1.648,-2.441,1.160
0.055,-0.155,1.005,2.930,-4.211,-0.244
0.057,-0.191,1.029,2.991,-5.737,-0.244
0.058,-0.168,1.070,2.014,-5.432,1.587
0.043,-0.187,1.069,0.671,-3.662,2.991
0.042,-0.178,1.022,0.305,-0.671,4.456
0.042,-0.137,1.006,0.122,-0.854,5.859
0.031,-0.120,1.001,0.122,-2.380,5.737
0.022,-0.102,1.008,1.343,-3.723,4.822
0.024,-0.130,1.007,2.441,-4.150,3.113
0.033,-0.160,1.028,1.831,-4.211,2.258
0.040,-0.143,1.041,1.709,-3.723,2.502
0.036,-0.157,1.042,2.441,-2.991,2.380
0.035,-0.163,1.026,1.831,-2.808,2.808
0.029,-0.143,1.035,0.610,-3.174,3.418
0.018,-0.119,1.028,0.305,-3.479,3.052
0.018,-0.117,1.023,0.610,-3.113,1.953
0.022,-0.137,1.017,0.916,-2.747,0.122
0.028,-0.153,1.033,1.282,-2.686,-0.916
0.031,-0.151,1.038,0.854,-2.380,-0.549
0.033,-0.142,1.032,0.793,-2.197,-0.061
0.033,-0.155,1.020,0.305,-1.831,-0.732
0.035,-0.159,1.028,-0.183,-2.319,-0.732
0.033,-0.157,1.038,-0.366,-2.197,-0.427
0.033,-0.161,1.039,-0.549,-2.380,0.061
0.045,-0.153,1.022,0.000,-1.587,0.427
0.042,-0.141,1.039,-0.549,-1.404,1.343
0.040,-0.138,1.029,-0.549,-1.038,1.343
0.043,-0.152,1.025,0.061,-1.038,1.587
0.036,-0.154,1.036,-0.610,-1.648,2.136
0.039,-0.147,1.037,-0.488,-1.648,2.563
0.035,-0.143,1.033,-0.122,-1.282,2.747
0.036,-0.150,1.028,0.305,-0.916,2.258
0.043,-0.167,1.020,0.122,-1.404,1.770
0.044,-0.143,1.023,-0.427,-2.380,3.174
0.036,-0.132,1.021,-0.305,-2.625,3.784
0.023,-0.136,1.030,-0.061,-2.686,2.991
0.014,-0.135,1.031,0.427,-2.563,2.319
0.018,-0.150,1.031,0.488,-2.380,0.854
0.019,-0.155,1.029,-0.061,-1.892,0.061
0.029,-0.153,1.014,-0.183,-1.953,-0.061
0.032,-0.157,1.009,-0.305,-2.136,0.366
0.034,-0.163,1.000,0.244,-2.686,0.854
0.033,-0.149,1.009,1.038,-3.601,1.587
0.025,-0.139,1.016,1.831,-3.967,1.831

-0.151,1.457,1.386,26.123,76.477,-202.698
-0.227,1.130,1.360,16.052,96.558,-285.522
-0.242,0.880,0.943,6.409,104.431,-359.009
-0.455,0.592,1.116,21.423,80.078,-415.405
-0.336,0.032,1.235,90.088,36.926,-455.750
-0.473,-0.530,1.280,-6.836,34.180,-477.295
-0.602,-0.737,0.493,-49.133,69.153,-466.797
-0.461,-0.854,0.407,108.521,28.381,-423.523
-0.457,-0.775,0.381,192.993,-6.592,-381.714
-0.428,-1.142,0.329,214.844,-15.015,-355.286
-0.306,-1.604,0.650,184.753,-30.579,-326.721
-0.272,-1.820,1.158,120.728,-32.776,-278.931
-0.183,-1.403,1.342,91.064,-12.512,-184.998
-0.105,-0.856,1.144,73.242,19.836,-107.910
-0.089,-0.890,0.865,48.035,42.175,-77.698
-0.024,-1.057,0.699,29.907,41.748,-55.115
0.032,-0.983,0.656,19.958,27.344,-16.541
0.060,-0.915,0.697,19.165,9.216,20.386
0.082,-0.870,0.651,15.076,-3.723,52.185
0.068,-0.912,0.628,5.005,-13.855,81.665
0.026,-1.027,0.542,-0.061,-26.001,109.009
-0.071,-1.174,0.314,-2.441,-37.476,143.433
-0.243,-1.117,0.433,-6.165,-65.125,185.669
-0.581,-1.393,0.451,-12.207,-92.163,223.938
-0.926,-1.566,0.668,-21.179,-117.920,274.109
-1.165,-1.124,1.138,-16.785,-144.653,349.915
-1.199,-0.559,1.222,5.310,-142.334,402.222
-0.906,-0.009,1.275,26.978,-132.141,417.847
-0.651,0.240,1.122,35.889,-121.216,399.597
-0.480,0.096,1.022,-58.350,-108.093,365.356
-0.266,0.323,0.850,-154.663,-82.275,340.332
-0.021,0.450,1.114,-168.030,-85.815,312.012
0.164,0.424,1.119,-174.683,-72.510,273.315
0.311,0.591,1.077,-162.659,-57.983,235.474
0.283,0.602,1.118,-127.441,-54.626,190.002
0.145,0.365,0.966,-93.689,-47.485,142.334
0.029,0.185,0.960,-58.167,-47.791,110.901
-0.031,0.176,1.055,-31.860,-52.917,96.619
-0.078,0.102,1.178,-15.564,-53.101,81.604
-0.108,0.000,1.250,-4.578,-44.434,65.918
-0.108,-0.034,1.198,5.066,-30.945,56.213
-0.101,-0.118,1.083,10.010,-20.203,46.875
-0.018,-0.196,1.046,9.888,-15.686,38.391
0.018,-0.159,1.093,6.165,-15.259,35.156
0.001,-0.116,1.083,3.662,-12.146,33.142
-0.003,-0.099,1.049,3.845,-7.141,29.175
-0.005,-0.102,1.019,4.028,-5.005,25.208
-0.008,-0.131,1.001,3.906,-4.761,20.081
-0.026,-0.147,1.005,3.296,-6.409,16.235
-0.029,-0.176,1.003,1.770,-7.690,12.512
-0.039,-0.191,1.050,0.610,-10.620,10.071
-0.044,-0.179,1.064,0.061,-10.742,8.240
-0.053,-0.189,1.055,-0.916,-9.216,6.470
-0.058,-0.199,1.039,-2.563,-7.507,4.578
-0.060,-0.186,1.036,-3.479,-6.409,3.418
-0.059,-0.174,1.045,-4.272,-5.676,1.770
-0.054,-0.178,1.016,-3.357,-4.089,-0.061
-0.050,-0.187,1.008,-2.014,-3.418,-0.916
-0.046,-0.179,1.012,-0.793,-2.625,-1.099
-0.030,-0.186,0.995,0.244,-2.136,-1.465
-0.023,-0.190,1.015,0.061,-2.991,-1.892
-0.028,-0.179,1.027,-0.061,-2.930,-1.953
-0.032,-0.181,1.013,0.793,-1.587,-2.075
-0.023,-0.164,1.006,2.258,-1.160,-2.075
-0.025,-0.183,1.001,2.747,-2.075,-3.296
-0.026,-0.190,1.001,3.113,-2.747,-4.150
-0.015,-0.191,1.007,3.601,-3.479,-3.540
-0.017,-0.209,1.015,2.380,-3.723,-4.150
-0.028,-0.214,1.034,1.587,-3.662,-3.479
-0.034,-0.190,1.019,1.953,-2.319,-2.197
-0.038,-0.168,1.018,2.625,-1.953,-1.221
-0.037,-0.193,0.998,2.441,-1.587,-2.625
-0.035,-0.188,1.024,2.380,-2.258,-3.052
-0.037,-0.209,1.035,2.319,-2.625,-3.174
-0.036,-0.219,1.044,1.160,-1.404,-3.052
-0.034,-0.199,1.039,0.427,0.061,-1.587
-0.031,-0.172,1.016,0.488,1.038,-0.610
-0.028,-0.182,1.012,0.427,0.366,-1.282
-0.022,-0.200,1.013,1.038,-0.305,-2.625
-0.028,-0.194,1.042,0.427,-1.160,-2.319
-0.040,-0.211,1.045,0.122,-1.404,-2.380
-0.039,-0.219,1.021,0.427,-0.610,-2.014
-0.039,-0.209,1.022,0.427,-0.732,-1.282
-0.042,-0.200,1.024,0.122,-1.404,-1.282
-0.043,-0.196,1.017,0.183,-1.465,-1.709
-0.048,-0.184,1.035,-0.244,-1.465,-2.197
-0.049,-0.182,1.031,0.244,-0.916,-3.052
-0.051,-0.196,1.036,0.244,0.000,-3.784
-0.052,-0.235,1.035,-0.732,0.671,-4.639
-0.044,-0.189,1.040,-2.319,1.343,-3.296
-0.035,-0.193,1.015,-3.235,2.014,-3.357
-0.031,-0.234,1.002,-4.028,2.014,-4.639
-0.027,-0.200,1.035,-4.517,0.427,-3.052
-0.028,-0.177,1.032,-3.418,0.366,-1.221
-0.023,-0.181,1.017,-1.709,1.587,-1.709
-0.028,-0.183,1.015,-1.587,2.075,-2.136
-0.024,-0.163,1.009,-1.221,2.441,-1.648
-0.024,-0.174,1.004,-0.366,2.319,-1.831
-0.025,-0.212,1.002,0.122,2.075,-2.563
-0.023,-0.206,1.014,0.305,1.709,-1.648
-0.026,-0.189,1.019,0.488,1.465,-0.305
-0.031,-0.179,1.016,0.061,1.892,-0.366
-0.034,-0.171,1.011,-0.732,1.831,-1.099
-0.036,-0.180,1.006,-1.892,1.404,-2.197
-0.040,-0.181,1.021,-2.625,0.549,-3.357
-0.036,-0.196,1.026,-2.869,0.305,-3.540
-0.034,-0.200,1.037,-2.991,0.488,-3.296
-0.036,-0.172,1.043,-2.686,1.221,-2.380
-0.041,-0.167,1.021,-2.625,2.991,-2.625
-0.036,-0.197,1.003,-2.930,3.174,-3.113
-0.034,-0.175,1.018,-3.113,1.831,-3.113
-0.037,-0.198,1.024,-3.174,0.977,-2.991
-0.031,-0.194,1.036,-3.113,1.465,-3.418
-0.029,-0.174,1.040,-3.174,1.770,-2.075
-0.027,-0.165,1.040,-2.014,2.380,-1.892
-0.027,-0.184,1.031,-0.610,2.747,-2.258
-0.028,-0.176,1.042,-0.549,2.808,-1.953
-0.034,-0.149,1.045,0.000,2.563,-1.343
-0.036,-0.158,1.023,0.000,3.174,-2.441

-0.097,0.827,1.426,16.052,85.693,-223.511
-0.212,0.948,1.437,8.240,105.957,-277.771
-0.274,0.737,1.389,-3.418,119.873,-341.675
-0.274,0.477,1.202,-10.803,129.211,-396.790
-0.411,0.223,0.961,-6.958,123.291,-435.852
-0.481,-0.102,0.650,20.752,100.098,-457.153
-0.588,-0.570,0.505,51.025,64.026,-468.140
-0.587,-0.844,0.420,77.942,34.546,-444.946
-0.423,-0.648,0.335,134.644,15.564,-391.907
-0.403,-0.693,0.311,214.722,-2.136,-349.426
-0.388,-0.847,0.312,247.314,-10.559,-316.101
-0.367,-1.143,0.500,214.050,-14.587,-283.875
-0.339,-1.512,0.782,155.884,-14.587,-243.835
-0.267,-1.706,1.099,86.304,-7.935,-192.139
-0.188,-1.546,1.386,41.443,-1.038,-128.845
-0.091,-1.297,1.324,11.047,18.433,-73.547
0.009,-1.028,0.913,1.343,39.001,-30.212
0.052,-0.901,0.594,11.230,36.926,0.977
0.084,-0.855,0.520,16.418,17.273,24.780
0.109,-0.783,0.485,7.263,-1.709,51.270
0.054,-0.905,0.421,-7.446,-16.724,74.036
-0.023,-1.037,0.430,-17.639,-35.339,98.389
-0.202,-1.195,0.511,-36.560,-52.673,131.775
-0.551,-1.883,0.459,-71.289,-59.265,171.204
-0.974,-2.082,0.359,-98.389,-72.632,253.662
-1.277,-1.470,1.048,-101.318,-110.046,371.582
-1.160,-0.639,1.546,-83.313,-121.521,455.261
-0.834,0.098,1.674,-57.739,-81.421,473.389
-0.719,0.288,0.790,-100.586,-24.231,448.914
-0.558,0.175,0.789,-137.146,-24.109,406.372
-0.326,0.342,0.840,-143.127,-51.514,376.587
-0.086,0.503,0.743,-154.785,-55.054,344.910
0.123,0.436,0.832,-145.935,-66.895,305.542
0.278,0.570,0.928,-118.225,-76.050,270.691
0.241,0.566,1.111,-80.566,-84.167,235.535
0.182,0.583,1.313,-43.518,-83.313,201.904
0.048,0.412,1.252,-18.982,-64.026,170.410
-0.038,0.362,1.273,-0.916,-46.753,146.118
-0.095,0.283,1.333,9.949,-32.959,124.817
-0.145,0.127,1.151,13.489,-13.123,103.455
-0.131,0.131,1.105,17.944,-4.639,86.304
-0.114,0.162,1.071,21.423,-3.784,70.557
-0.099,0.061,1.016,21.667,-1.953,49.377
-0.066,-0.050,0.996,18.311,-1.770,32.654
-0.001,-0.118,0.992,14.038,-3.113,23.254
0.042,-0.095,1.021,10.864,-4.944,18.677
0.044,-0.069,1.039,8.850,-7.019,14.648
0.018,-0.111,1.011,8.057,-7.385,9.277
0.006,-0.162,1.000,7.324,-7.812,5.371
0.014,-0.221,1.020,3.601,-9.583,2.930
-0.002,-0.224,1.074,-1.160,-11.536,2.502
-0.013,-0.196,1.067,-3.845,-10.132,3.540
-0.025,-0.144,1.062,-5.554,-7.996,3.662
-0.028,-0.159,1.075,-7.568,-5.920,0.854
-0.021,-0.151,1.065,-8.240,-3.601,-2.686
-0.022,-0.139,1.052,-8.423,-1.465,-4.700
-0.015,-0.146,1.007,-7.385,0.488,-6.592
0.006,-0.177,1.003,-5.066,0.000,-8.301
0.034,-0.246,1.000,-3.906,-1.709,-9.033
0.038,-0.239,1.044,-3.479,-3.113,-6.470
0.026,-0.173,1.042,-1.160,-2.930,-2.319
0.016,-0.179,1.002,0.244,-1.465,-0.305
0.017,-0.175,1.014,-0.061,-1.953,-0.061
0.005,-0.130,1.026,0.854,-2.991,1.099
-0.006,-0.155,1.015,1.831,-2.319,-0.488
-0.002,-0.156,1.028,2.625,-2.563,-1.587
-0.001,-0.166,1.043,3.418,-1.953,-2.563
-0.001,-0.193,1.048,2.869,-0.549,-3.723
0.001,-0.177,1.035,1.892,0.732,-3.479
0.004,-0.171,1.016,1.282,2.136,-3.540
0.012,-0.203,0.990,0.610,2.808,-3.418
0.015,-0.191,0.986,0.732,2.258,-1.892
0.013,-0.149,0.989,1.770,0.610,0.793
0.011,-0.156,0.987,3.357,-0.488,1.038
0.005,-0.163,1.009,4.578,-2.075,0.549
0.008,-0.159,1.024,5.920,-2.319,0.366
0.005,-0.162,1.027,6.470,-1.709,0.305
0.002,-0.158,1.022,7.202,-0.916,0.000
0.005,-0.196,1.018,6.714,-0.854,-0.793
0.003,-0.198,1.038,5.432,-1.038,-0.671
-0.002,-0.215,1.036,4.395,-0.732,0.244
-0.003,-0.198,1.048,3.357,-0.244,1.831
-0.007,-0.186,1.045,2.075,0.427,3.174
-0.009,-0.169,1.043,1.953,0.488,3.174
-0.011,-0.173,1.032,2.686,0.488,2.319
-0.013,-0.173,1.041,2.686,-0.427,1.282
-0.015,-0.171,1.037,2.686,-0.916,0.122
-0.011,-0.169,1.028,3.357,-1.038,-0.671
-0.002,-0.180,1.025,3.296,-1.099,-1.709
0.001,-0.191,1.028,2.930,-1.343,-1.831
-0.001,-0.186,1.047,2.197,-1.099,-1.343
0.000,-0.184,1.040,1.831,-0.183,-0.977
0.009,-0.180,1.021,1.343,1.099,-0.732
0.011,-0.170,1.025,0.610,1.526,0.061
0.007,-0.148,1.013,1.160,1.038,0.183
-0.002,-0.147,1.028,1.160,0.854,-0.305
0.000,-0.168,1.007,1.770,1.770,-1.465
0.002,-0.171,1.006,1.282,2.075,-1.404
0.003,-0.169,1.019,1.099,0.793,-0.916
0.009,-0.184,1.030,1.526,1.221,-1.160
0.010,-0.186,1.023,0.916,1.892,-0.122
0.013,-0.162,1.014,0.977,2.075,1.343
0.013,-0.159,1.002,1.282,2.380,1.587
0.008,-0.152,1.012,1.038,1.282,1.404
0.002,-0.156,1.001,1.587,0.793,0.671
0.004,-0.157,1.010,1.953,0.427,0.122
0.007,-0.168,1.005,2.808,0.244,-0.488
0.008,-0.166,1.001,3.357,0.122,-0.244
0.005,-0.163,1.013,4.089,-0.427,-0.488
0.000,-0.159,1.018,4.578,-0.610,-0.671
-0.001,-0.176,1.017,5.310,-0.793,-1.099
0.009,-0.193,1.017,5.188,-1.343,-1.038
0.014,-0.186,1.039,4.700,-1.648,-0.488
0.010,-0.200,1.047,3.662,-1.831,0.122
0.008,-0.170,1.034,3.174,-1.404,0.793
0.012,-0.192,1.020,1.831,-0.183,0.183
0.018,-0.170,1.019,1.343,0.122,0.793
0.017,-0.163,1.007,2.441,-0.244,1.221
0.012,-0.175,1.020,2.808,-0.549,0.610

-0.277,1.002,1.433,20.569,72.571,-248.779
-0.317,0.699,1.380,6.836,95.642,-312.195
-0.314,0.940,0.975,27.100,104.675,-360.962
-0.308,0.324,1.510,118.713,70.435,-426.208
-0.491,0.466,1.381,41.870,87.158,-465.576
-0.607,0.263,0.603,1.221,134.644,-496.521
-0.808,-0.317,0.462,62.622,104.248,-525.024
-0.862,-0.626,0.349,123.779,65.063,-532.532
-0.729,-0.965,0.244,198.120,40.955,-513.916
-0.728,-1.570,0.158,226.074,29.602,-475.952
-0.556,-1.576,0.341,203.369,14.099,-388.428
-0.472,-1.448,0.800,163.574,-1.465,-289.978
-0.415,-1.576,1.016,102.844,15.930,-223.022
-0.299,-1.622,1.273,36.560,34.180,-167.419
-0.188,-1.386,1.281,7.629,48.401,-109.619
-0.081,-1.108,0.895,-6.226,69.336,-56.274
0.013,-0.876,0.577,-10.193,70.801,-18.921
0.067,-0.754,0.510,-3.967,47.058,4.517
0.088,-0.769,0.603,1.709,17.883,18.005
0.087,-0.800,0.582,-1.831,-0.610,33.386
0.048,-0.894,0.583,-8.606,-14.221,53.223
-0.023,-1.039,0.614,-17.029,-27.649,78.003
-0.101,-1.128,0.675,-24.963,-41.504,110.352
-0.261,-1.201,0.642,-30.518,-54.688,150.330
-0.521,-1.536,0.631,-44.800,-62.683,196.289
-0.855,-1.875,0.613,-66.772,-65.735,262.146
-1.132,-1.937,0.619,-85.083,-74.280,359.924
-1.379,-1.329,0.819,-68.237,-96.741,463.074
-1.367,-1.097,0.968,-54.932,-116.882,523.254
-1.076,-0.351,0.907,-80.933,-119.629,561.096
-0.928,0.464,0.482,-111.023,-116.150,581.299
-0.721,0.749,0.884,-120.911,-155.518,548.767
-0.416,0.697,0.906,-125.793,-172.974,484.924
-0.122,1.098,1.048,-109.253,-179.565,435.730
0.113,1.422,1.428,-57.800,-186.829,382.324
0.140,1.275,1.630,-39.917,-165.710,289.490
0.042,0.699,1.467,-48.157,-111.267,191.406
-0.022,0.319,1.381,-22.400,-72.449,143.738
-0.093,0.124,1.224,-5.859,-43.762,125.244
-0.179,0.098,1.166,0.244,-27.649,114.868
-0.215,0.107,1.120,4.028,-18.555,102.905
-0.239,0.043,1.066,6.714,-11.658,84.961
-0.240,0.015,1.063,9.766,-8.972,67.017
-0.197,-0.018,1.052,11.658,-6.287,49.683
-0.111,-0.074,1.010,8.240,-1.831,32.715
-0.035,-0.116,1.017,2.014,-0.183,20.569
0.003,-0.109,1.037,-1.526,0.610,14.404
0.001,-0.127,1.007,-1.953,2.747,10.803
-0.020,-0.119,0.990,-0.061,2.869,8.606
-0.048,-0.115,0.994,2.747,1.465,6.042
-0.044,-0.122,0.998,5.249,-0.671,1.770
-0.064,-0.199,1.010,7.080,-2.563,-4.028
-0.063,-0.215,1.051,7.446,-4.211,-6.592
-0.054,-0.213,1.091,8.118,-4.211,-8.240
-0.048,-0.238,1.064,6.531,-1.648,-10.681
-0.044,-0.239,1.046,3.906,0.549,-11.963
-0.041,-0.250,0.992,2.075,2.686,-11.902
-0.031,-0.226,0.974,1.404,3.174,-10.071
-0.024,-0.213,0.970,2.197,1.953,-8.545
-0.020,-0.217,0.992,3.662,0.427,-7.874
-0.019,-0.236,1.015,5.310,-0.549,-7.263
-0.023,-0.245,1.042,6.409,-0.610,-6.592
-0.032,-0.246,1.029,6.042,0.427,-6.042
-0.040,-0.257,1.000,4.700,1.892,-5.371
-0.039,-0.215,1.007,3.784,1.648,-3.723
-0.038,-0.208,0.987,3.235,1.953,-3.296
-0.035,-0.201,0.983,3.662,1.526,-3.845
-0.028,-0.211,1.001,4.150,0.549,-4.578
-0.030,-0.255,1.026,4.578,0.122,-5.310
-0.034,-0.246,1.041,3.967,0.854,-4.517
-0.030,-0.229,1.028,3.662,2.563,-2.747
-0.027,-0.237,0.977,3.296,4.700,-1.953
-0.024,-0.223,0.988,3.601,3.113,-0.793
-0.032,-0.211,0.986,5.310,1.587,0.549
-0.047,-0.187,1.003,6.531,0.549,0.671
-0.052,-0.192,1.020,7.446,0.427,-0.488
-0.049,-0.229,1.017,8.118,1.343,-2.869
-0.042,-0.247,1.003,6.958,2.197,-3.845
-0.035,-0.259,0.998,5.554,1.831,-3.296
-0.028,-0.250,0.999,4.517,0.854,-2.258
-0.028,-0.237,1.023,3.906,-1.038,-1.343
-0.034,-0.247,1.015,4.150,-1.343,-1.282
-0.032,-0.251,1.028,3.906,-1.587,-0.366
-0.034,-0.253,1.024,3.235,-1.404,0.549
-0.034,-0.240,1.025,2.441,-1.404,1.465
-0.038,-0.239,1.031,1.770,-1.160,1.404
-0.036,-0.250,1.019,1.526,-0.549,1.038
-0.035,-0.230,1.018,1.648,-0.061,1.343
-0.034,-0.221,1.026,1.953,-0.732,0.916
-0.040,-0.248,1.026,1.770,-0.854,-0.366
-0.043,-0.236,1.040,1.099,-0.427,-0.610
-0.041,-0.229,1.030,0.854,0.427,-0.610
-0.033,-0.235,1.010,0.732,1.404,-1.465
-0.031,-0.221,1.017,1.038,0.977,-1.770
-0.028,-0.219,1.010,1.282,0.671,-2.258
-0.026,-0.247,1.007,0.854,0.427,-3.174
-0.032,-0.241,1.030,0.366,-0.122,-2.747
-0.035,-0.239,1.024,0.305,0.854,-2.136
-0.028,-0.244,1.002,0.122,1.648,-1.953
-0.029,-0.233,1.015,-0.366,0.916,-1.953
-0.027,-0.226,1.026,-0.244,0.671,-2.075
-0.028,-0.247,1.009,-0.366,1.648,-2.258
-0.029,-0.239,1.017,-0.793,1.892,-1.831
-0.032,-0.231,1.001,-0.977,2.136,-1.526
-0.031,-0.220,1.001,-0.732,1.709,-1.587
-0.028,-0.232,0.990,-0.183,1.038,-2.319
-0.033,-0.240,0.998,0.183,-0.122,-2.869
-0.033,-0.208,1.008,0.732,-0.977,-2.563
-0.034,-0.223,0.990,0.977,-0.183,-3.418
-0.032,-0.236,0.975,0.610,0.061,-4.028
-0.033,-0.216,0.991,0.916,-1.099,-3.540
-0.032,-0.230,1.000,0.793,-1.404,-3.906
-0.031,-0.233,1.006,0.793,-1.282,-4.150
-0.028,-0.217,1.012,1.099,-0.732,-3.784
-0.023,-0.232,1.001,1.526,0.305,-4.211
-0.016,-0.255,1.003,1.648,0.610,-4.089
-0.021,-0.243,1.012,1.770,0.366,-2.930
-0.026,-0.223,1.025,1.770,0.732,-1.770
-0.028,-0.234,1.018,0.793,1.343,-1.953

-0.295,0.673,1.472,19.592,84.961,-234.619
-0.198,0.568,1.358,10.071,111.572,-286.865
-0.284,0.496,1.213,-6.714,126.282,-331.116
-0.298,0.418,1.130,-3.662,126.526,-372.498
-0.353,0.344,0.913,29.663,118.774,-403.564
-0.387,-0.025,0.908,88.684,106.506,-427.795
-0.523,-0.527,0.743,92.957,98.083,-456.055
-0.568,-0.944,0.419,98.938,101.440,-452.515
-0.467,-1.165,0.286,135.254,79.041,-416.809
-0.391,-1.118,0.279,147.400,49.622,-358.582
-0.309,-1.273,0.307,160.889,25.330,-305.542
-0.259,-1.517,0.482,150.391,3.479,-261.108
-0.239,-1.530,0.769,113.403,-11.841,-197.754
-0.185,-1.214,0.946,78.735,-15.076,-121.033
-0.165,-1.033,1.086,46.631,-7.080,-67.688
-0.126,-0.931,0.945,15.808,10.254,-34.668
-0.077,-0.773,0.857,5.737,16.235,-8.179
-0.046,-0.601,0.799,4.578,11.536,10.315
-0.054,-0.527,0.773,8.301,4.517,19.897
-0.085,-0.477,0.804,11.108,-3.357,25.574
-0.108,-0.408,0.868,8.850,-9.338,29.114
-0.140,-0.421,0.943,4.700,-13.123,28.992
-0.156,-0.463,1.016,2.014,-13.611,28.015
-0.134,-0.374,1.125,-2.625,-8.850,29.175
-0.121,-0.298,1.101,-6.592,0.244,25.574
-0.102,-0.306,1.013,-12.817,11.597,16.602
-0.081,-0.334,0.943,-16.418,15.686,8.789
-0.066,-0.385,0.875,-17.334,15.381,3.845
-0.053,-0.400,0.878,-17.273,10.864,1.526
-0.041,-0.384,0.959,-13.916,5.737,0.549
-0.044,-0.432,0.970,-9.583,5.127,-0.549
-0.046,-0.493,0.939,-9.521,7.446,-0.671
-0.025,-0.462,0.941,-8.362,7.141,3.174
-0.016,-0.436,0.924,-5.127,5.554,6.104
-0.018,-0.448,0.917,-2.502,3.296,6.165
-0.019,-0.441,0.923,-0.366,0.061,6.714
-0.018,-0.413,0.945,1.282,-2.502,7.690
-0.018,-0.384,0.961,0.427,-3.174,7.751
-0.041,-0.496,0.938,-3.906,-1.648,5.676
-0.043,-0.574,0.930,-9.888,-0.366,7.629
-0.050,-0.673,0.919,-15.320,1.099,16.724
-0.046,-0.782,0.849,-24.048,5.737,31.189
-0.034,-0.828,0.768,-33.691,7.568,53.894
-0.029,-0.762,0.811,-60.608,8.301,78.430
-0.048,-0.813,0.750,-61.829,5.798,101.685
-0.145,-1.044,0.797,-47.668,-11.902,123.596
-0.262,-1.348,0.608,-72.693,-5.920,162.170
-0.343,-1.363,0.586,-90.088,-13.977,218.079
-0.410,-1.016,0.608,-79.407,-39.185,281.006
-0.487,-0.677,0.581,-67.810,-71.289,327.637
-0.527,-0.389,0.766,-54.321,-108.337,353.516
-0.499,-0.275,1.070,-33.691,-136.597,359.009
-0.418,-0.211,1.057,-13.489,-144.958,347.473
-0.310,-0.012,1.154,-11.719,-144.531,336.304
-0.224,0.176,1.211,-23.193,-133.728,317.627
-0.142,0.327,1.268,-26.245,-118.103,290.039
-0.092,0.487,1.275,-17.822,-102.478,257.263
-0.041,0.435,1.256,-9.888,-82.642,214.233
0.011,0.142,1.237,-2.686,-62.561,171.021
0.005,0.126,1.045,-22.644,-41.138,144.531
-0.010,0.237,1.175,-10.132,-37.476,128.296
-0.044,0.211,1.146,6.531,-34.363,105.896
-0.045,0.087,1.046,11.841,-25.391,83.374
-0.056,-0.012,1.039,15.137,-25.330,64.270
-0.071,-0.082,1.071,17.334,-26.489,49.011
-0.078,-0.102,1.089,18.188,-24.414,37.964
-0.059,-0.066,1.113,19.165,-19.958,28.564
-0.045,-0.090,1.076,18.433,-13.123,17.517
-0.043,-0.181,1.001,15.869,-6.714,6.226
-0.030,-0.226,0.992,12.085,-4.883,-0.854
-0.017,-0.317,0.973,9.460,-5.188,-3.906
-0.003,-0.402,0.955,5.615,-5.493,-3.601
-0.010,-0.315,1.046,3.357,-8.423,2.686
-0.037,-0.243,1.051,3.479,-6.958,6.531
-0.044,-0.219,1.002,3.967,-3.723,5.676
-0.033,-0.244,0.974,3.296,-3.174,2.808
-0.039,-0.247,1.011,3.052,-4.456,0.488
-0.045,-0.224,1.056,4.517,-4.822,-1.221
-0.044,-0.249,1.024,5.188,-2.136,-3.723
-0.035,-0.298,0.999,3.967,0.183,-5.859
-0.031,-0.321,1.000,2.991,0.122,-5.981
-0.020,-0.294,1.002,2.625,0.244,-4.150
-0.020,-0.292,0.987,3.601,0.732,-2.014
-0.026,-0.274,0.980,4.456,1.099,-0.488
-0.035,-0.253,0.993,5.066,0.244,0.183
-0.040,-0.283,0.983,5.493,0.000,-0.977
-0.029,-0.308,0.987,4.944,-0.427,-2.014
-0.032,-0.299,1.002,4.578,-1.465,-1.343
-0.040,-0.267,0.997,4.761,-0.793,-0.366
-0.047,-0.244,0.990,5.615,-0.488,-1.038
-0.040,-0.297,0.957,5.981,-0.427,-3.540
-0.031,-0.424,0.950,3.662,-1.709,-5.127
-0.010,-0.376,1.057,2.380,-4.517,-0.183
-0.015,-0.342,1.052,3.540,-2.197,5.371
-0.031,-0.304,0.984,5.310,1.892,8.301
-0.041,-0.227,0.973,8.362,1.282,9.277
-0.056,-0.224,0.986,9.338,-1.160,5.859
-0.064,-0.275,1.005,9.216,-2.258,0.854
-0.054,-0.359,1.004,7.751,-2.075,-2.686
-0.037,-0.378,1.006,4.639,-1.038,-3.052
-0.028,-0.320,1.010,3.235,-0.183,0.305
-0.036,-0.273,0.971,3.540,1.587,1.831
-0.046,-0.262,0.942,4.761,1.038,0.793
-0.055,-0.300,0.958,5.188,-1.526,-1.953
-0.046,-0.370,0.977,4.395,-3.357,-3.723
-0.028,-0.366,0.996,2.625,-3.174,-2.563
-0.028,-0.313,1.016,0.977,-2.502,0.427
-0.033,-0.295,0.982,0.671,-0.671,0.977
-0.038,-0.298,0.984,0.854,-1.526,0.183
-0.037,-0.336,0.996,0.916,-2.991,-1.160
-0.032,-0.338,1.017,0.671,-2.930,-1.038
-0.034,-0.307,1.016,0.854,-1.526,0.549
-0.036,-0.279,0.991,0.977,0.488,0.977
-0.036,-0.289,0.966,2.075,0.732,-0.488
-0.029,-0.360,0.958,1.953,-1.282,-2.258
-0.023,-0.367,1.000,1.465,-3.662,-0.854
-0.033,-0.321,1.014,1.099,-3.479,2.441
-0.050,-0.287,0.992,0.549,-1.892,3.723
-0.057,-0.267,0.973,1.038,-1.526,2.869

-0.453,-1.660,0.602,111.572,44.495,-293.274
-0.298,-1.508,0.911,57.678,32.043,-209.839
-0.203,-1.199,1.107,38.330,29.053,-142.639
-0.131,-0.935,1.021,41.077,37.720,-98.511
-0.087,-0.839,0.851,35.461,46.509,-72.388
-0.043,-0.750,0.650,19.958,48.950,-50.720
-0.011,-0.681,0.586,12.329,36.804,-31.494
-0.014,-0.640,0.656,14.526,15.869,-16.296
-0.040,-0.657,0.763,17.822,-0.916,-5.859
-0.064,-0.604,0.867,19.226,-10.803,5.127
-0.092,-0.555,0.906,19.287,-14.832,16.052
-0.116,-0.551,0.960,18.799,-15.625,23.132
-0.129,-0.552,0.930,21.179,-14.160,29.236
-0.146,-0.565,0.921,24.109,-13.428,34.668
-0.151,-0.538,0.955,26.733,-16.052,39.917
-0.154,-0.531,0.958,27.222,-16.174,43.152
-0.121,-0.491,0.984,28.748,-16.296,45.532
-0.057,-0.315,1.051,30.151,-15.808,47.913
-0.033,-0.293,0.977,25.146,-9.460,41.565
-0.041,-0.410,0.874,14.893,-4.395,29.541
-0.043,-0.444,0.862,7.141,-4.944,23.437
-0.052,-0.441,0.883,4.089,-6.836,22.400
-0.068,-0.451,0.939,4.150,-8.484,20.874
-0.069,-0.418,0.987,1.709,-8.545,18.555
-0.065,-0.367,1.001,-0.610,-6.042,15.076
-0.067,-0.391,0.944,-1.892,-2.319,9.155
-0.066,-0.405,0.952,-2.380,-0.244,4.272
-0.069,-0.456,0.929,-3.723,1.648,0.305
-0.064,-0.492,0.914,-4.944,2.991,-2.014
-0.054,-0.513,0.907,-4.578,2.563,-1.465
-0.044,-0.525,0.889,-5.310,2.441,0.488
-0.035,-0.529,0.909,-6.287,1.587,3.174
-0.036,-0.536,0.918,-6.226,0.183,5.005
-0.035,-0.508,0.927,-5.798,-0.671,6.958
-0.039,-0.491,0.911,-3.357,-1.282,8.728
-0.048,-0.502,0.908,-0.610,-2.197,8.972
-0.049,-0.479,0.925,1.282,-3.967,9.277
-0.049,-0.429,0.960,3.418,-4.883,9.521
-0.058,-0.428,0.958,4.395,-4.211,7.324
-0.063,-0.452,0.951,3.845,-2.502,4.639
-0.059,-0.470,0.942,2.502,-1.160,2.808
-0.053,-0.454,0.937,2.014,-0.244,2.625
-0.051,-0.459,0.932,1.587,0.305,1.709
-0.048,-0.466,0.933,-0.916,0.671,0.732
-0.047,-0.538,0.902,-4.944,2.197,-0.061
-0.047,-0.564,0.904,-7.324,2.380,2.625
-0.047,-0.573,0.915,-7.080,1.160,7.385
-0.043,-0.550,0.907,-6.226,0.427,12.878
-0.032,-0.506,0.891,-6.470,-0.244,18.005
-0.034,-0.495,0.887,-7.690,-1.526,20.813
-0.047,-0.557,0.869,-8.789,-2.808,23.315
-0.066,-0.742,0.851,-18.066,-1.038,29.419
-0.076,-0.894,0.746,-34.180,2.380,44.983
-0.107,-1.135,0.707,-44.678,0.000,70.374
-0.141,-1.325,0.514,-59.509,-3.601,109.558
-0.225,-1.476,0.371,-52.490,-23.804,161.804
-0.357,-1.409,0.156,-45.776,-56.702,226.868
-0.447,-1.392,0.520,-42.175,-102.295,290.588
-0.537,-1.018,0.484,-25.879,-133.728,346.375
-0.581,-0.413,0.693,-12.512,-174.438,382.996
-0.646,-0.289,1.006,-12.817,-205.750,389.282
-0.626,-0.243,0.851,-74.280,-193.420,382.080
-0.522,0.075,1.056,-117.615,-186.890,378.601
-0.373,0.495,1.345,-129.639,-184.204,362.183
-0.233,0.310,1.528,-120.178,-161.499,319.275
-0.111,0.134,1.122,-133.362,-114.624,269.958
-0.014,0.383,1.229,-125.061,-92.468,242.310
0.030,0.505,1.240,-95.764,-79.651,211.243
-0.013,0.320,1.257,-51.880,-63.660,169.495
-0.033,0.187,1.197,-25.818,-48.889,138.428
-0.069,0.113,1.173,-23.254,-32.043,116.150
-0.130,0.074,1.155,-21.729,-21.118,95.154
-0.146,0.008,1.151,-14.709,-12.817,75.500
-0.154,-0.069,1.099,-10.498,-6.592,58.350
-0.128,-0.083,1.098,-6.042,-4.028,45.593
-0.080,-0.131,1.019,-4.944,0.061,33.447
-0.035,-0.182,0.992,-7.935,2.197,23.865
-0.010,-0.163,1.016,-9.888,0.366,18.860
-0.018,-0.206,0.992,-7.690,-0.305,16.235
-0.008,-0.163,1.006,-3.906,-1.343,15.137
-0.012,-0.159,1.043,0.977,-4.028,13.306
-0.026,-0.233,0.997,3.479,-3.601,8.667
-0.031,-0.233,1.028,3.601,-5.127,7.080
-0.040,-0.220,1.036,3.784,-5.676,6.958
-0.051,-0.208,1.035,5.127,-5.554,5.554
-0.056,-0.197,1.029,5.920,-5.371,3.906
-0.055,-0.220,1.014,6.714,-4.761,1.221
-0.046,-0.206,1.022,7.446,-4.639,-0.732
-0.046,-0.208,1.018,7.996,-4.333,-2.563
-0.042,-0.293,0.982,6.042,-3.235,-5.432
-0.034,-0.297,1.026,3.479,-3.784,-4.456
-0.036,-0.249,1.041,3.174,-3.601,-1.404
-0.052,-0.236,1.006,3.357,-1.160,-0.793
-0.046,-0.256,0.971,2.625,-0.061,-1.221
-0.037,-0.252,0.994,1.953,-1.709,-0.977
-0.049,-0.244,1.018,2.502,-3.174,-0.732
-0.047,-0.234,1.011,3.540,-2.380,-0.671
-0.047,-0.240,0.996,3.357,-0.916,-1.404
-0.044,-0.243,0.990,3.479,-0.549,-2.075
-0.042,-0.241,0.992,4.272,-1.404,-2.502
-0.042,-0.263,0.986,4.639,-1.892,-2.625
-0.042,-0.277,1.003,4.517,-2.441,-2.197
-0.047,-0.269,1.019,4.333,-2.502,-0.977
-0.050,-0.251,1.009,4.211,-1.099,-0.305
-0.042,-0.244,0.986,4.272,-0.061,-0.183
-0.032,-0.306,0.949,4.028,-0.183,-1.099
-0.029,-0.272,1.009,3.296,-3.174,0.671
-0.048,-0.251,1.016,5.188,-3.296,2.991
-0.047,-0.226,0.986,8.240,-1.526,3.235
-0.056,-0.200,1.000,9.644,-1.770,2.014
-0.055,-0.250,1.004,9.766,-2.441,-1.831
-0.046,-0.411,0.958,6.775,-2.747,-5.127
-0.024,-0.356,1.060,2.625,-4.395,-0.916
-0.022,-0.293,1.058,2.808,-2.930,5.493
-0.051,-0.275,0.958,4.822,0.854,7.507
-0.057,-0.194,0.982,7.690,-1.404,8.728
-0.078,-0.218,1.000,7.996,-3.357,5.127
-0.078,-0.274,1.020,6.165,-3.967,0.061
-0.067,-0.311,1.016,3.662,-3.357,-2.625

-0.283,0.650,1.423,-3.174,151.062,-234.314
-0.256,0.346,1.267,-17.578,178.040,-289.551
-0.164,0.311,1.165,-24.475,184.265,-327.209
-0.229,0.328,1.047,-21.118,176.758,-361.755
-0.348,0.455,0.898,20.081,157.532,-401.855
-0.386,0.223,0.980,132.507,132.324,-438.232
-0.547,0.082,0.657,176.270,134.949,-463.074
-0.626,-0.481,0.343,205.139,131.165,-480.591
-0.672,-0.620,0.144,211.121,117.981,-472.717
-0.647,-0.826,0.159,220.825,94.299,-446.167
-0.624,-1.324,0.131,209.106,79.712,-419.983
-0.563,-1.792,0.307,146.179,66.345,-365.967
-0.442,-1.841,0.683,84.412,47.058,-280.823
-0.338,-1.638,1.032,37.598,42.053,-198.364
-0.239,-1.375,1.120,6.348,52.063,-133.728
-0.165,-1.153,0.894,-19.958,72.937,-86.060
-0.064,-0.914,0.601,-32.166,79.773,-50.232
0.002,-0.718,0.473,-27.466,62.256,-25.146
0.013,-0.650,0.491,-22.827,36.621,-12.207
0.002,-0.647,0.650,-20.081,11.353,-5.676
-0.040,-0.648,0.749,-20.081,-3.418,2.014
-0.082,-0.673,0.822,-20.508,-10.559,12.878
-0.111,-0.651,0.867,-23.621,-15.930,25.696
-0.127,-0.648,0.893,-24.536,-20.386,35.706
-0.141,-0.548,0.945,-22.156,-25.085,45.837
-0.157,-0.541,0.967,-17.578,-26.123,49.927
-0.156,-0.507,1.060,-15.198,-25.330,50.293
-0.149,-0.558,1.027,-8.850,-20.630,49.683
-0.098,-0.506,0.988,-1.648,-14.343,49.988
-0.011,-0.318,1.061,2.136,-14.282,51.392
0.004,-0.323,0.983,-1.892,-9.033,43.945
-0.017,-0.481,0.844,-7.446,-3.967,31.433
-0.025,-0.475,0.869,-6.165,-7.385,29.175
-0.028,-0.425,0.959,-1.404,-11.353,30.701
-0.031,-0.366,1.001,-0.427,-9.460,29.175
-0.037,-0.343,0.995,-2.380,-5.066,24.231
-0.042,-0.349,0.953,-4.028,-1.038,18.066
-0.059,-0.456,0.896,-7.019,1.648,12.024
-0.059,-0.501,0.917,-13.367,2.014,11.047
-0.046,-0.484,0.972,-17.700,1.465,13.123
-0.028,-0.448,0.967,-15.137,1.770,13.977
-0.023,-0.453,0.915,-11.536,2.319,12.878
-0.005,-0.450,0.902,-9.033,0.549,11.719
0.000,-0.458,0.888,-9.277,-1.343,10.864
0.000,-0.466,0.906,-5.066,-4.028,10.620
-0.009,-0.523,0.899,-2.747,-4.639,11.353
-0.013,-0.553,0.918,-4.456,-4.395,14.709
-0.012,-0.534,0.929,-4.028,-4.883,20.203
-0.033,-0.584,0.924,-2.197,-5.310,24.231
-0.054,-0.710,0.868,-7.812,-3.723,29.968
-0.070,-0.802,0.839,-21.484,-0.610,44.434
-0.082,-0.886,0.777,-37.781,2.869,66.345
-0.097,-0.922,0.731,-47.180,1.160,93.140
-0.143,-1.012,0.692,-52.429,-4.272,122.559
-0.219,-1.135,0.640,-61.707,-12.634,156.372
-0.414,-1.412,0.460,-77.393,-24.475,197.266
-0.525,-1.385,0.346,-96.436,-46.448,255.432
-0.546,-1.068,0.706,-72.693,-94.849,321.533
-0.680,-0.797,0.593,-33.813,-124.084,363.281
-0.595,-0.245,0.879,-25.085,-147.888,389.465
-0.486,0.150,1.247,-2.014,-171.082,391.479
-0.388,0.108,1.236,-6.104,-160.583,367.859
-0.223,0.221,1.003,-35.217,-143.555,341.492
-0.073,0.483,1.014,-52.795,-138.367,315.979
0.034,0.496,1.253,-53.650,-135.864,277.405
0.100,0.423,1.210,-60.364,-114.746,235.962
0.128,0.378,1.237,-56.152,-95.093,198.853
0.072,0.213,1.231,-41.199,-78.003,167.114
0.033,0.078,1.116,-29.724,-59.631,141.174
-0.010,0.057,1.132,-23.865,-50.415,124.634
-0.042,0.096,1.177,-12.207,-44.556,110.474
-0.075,0.007,1.126,-2.563,-36.194,91.431
-0.064,-0.094,1.071,1.770,-28.564,73.364
-0.052,-0.130,1.091,2.930,-25.696,61.218
-0.035,-0.149,1.076,2.136,-22.888,51.941
-0.016,-0.177,1.039,2.014,-19.348,43.518
-0.000,-0.151,1.058,1.221,-17.578,38.269
-0.001,-0.129,1.095,2.258,-15.747,32.898
-0.021,-0.174,1.041,5.127,-12.146,26.123
-0.033,-0.207,1.032,6.714,-10.071,20.569
-0.047,-0.315,0.983,6.531,-9.216,16.113
-0.036,-0.320,1.008,6.226,-10.803,16.296
-0.030,-0.232,1.057,7.507,-13.000,19.165
-0.035,-0.206,1.049,8.484,-12.512,17.151
-0.041,-0.232,1.042,7.690,-11.169,12.024
-0.045,-0.247,1.034,7.812,-10.742,8.057
-0.062,-0.233,1.045,8.728,-9.827,5.310
-0.057,-0.237,1.025,9.766,-7.385,2.319
-0.041,-0.250,1.025,9.277,-5.371,-1.038
-0.030,-0.287,1.000,8.667,-4.517,-4.089
-0.027,-0.295,1.001,7.812,-4.883,-4.578
-0.028,-0.277,1.018,7.324,-5.432,-3.784
-0.035,-0.263,1.018,7.263,-5.005,-3.357
-0.034,-0.264,1.022,7.874,-4.272,-4.028
-0.036,-0.282,1.000,8.301,-3.357,-5.188
-0.035,-0.273,1.001,7.812,-2.930,-5.676
-0.034,-0.276,0.989,7.446,-2.197,-5.920
-0.035,-0.302,0.988,6.775,-1.587,-6.287
-0.045,-0.343,0.981,5.981,-2.197,-5.981
-0.045,-0.306,0.997,5.798,-2.441,-3.845
-0.052,-0.283,0.994,5.737,-2.441,-2.380
-0.053,-0.285,0.964,5.615,-1.404,-3.174
-0.046,-0.301,0.983,5.371,-1.892,-3.845
-0.045,-0.287,0.993,6.104,-2.441,-3.601
-0.046,-0.270,1.011,6.531,-1.831,-3.662
-0.044,-0.280,0.981,6.897,0.000,-4.761
-0.037,-0.329,0.953,5.920,1.282,-5.432
-0.029,-0.321,0.991,4.456,-0.488,-4.028
-0.034,-0.280,1.015,4.700,-1.770,-2.197
-0.037,-0.278,0.973,4.761,0.244,-1.770
-0.037,-0.323,0.938,4.211,1.343,-2.075
-0.036,-0.303,0.985,3.540,-1.648,-0.732
-0.043,-0.286,1.007,4.150,-3.113,0.305
-0.043,-0.308,0.992,3.723,-1.282,0.061
-0.046,-0.296,1.002,3.113,-0.977,0.183
-0.050,-0.282,0.984,3.357,-0.183,0.122
-0.047,-0.278,0.974,4.272,-0.366,-0.732
-0.038,-0.324,0.971,4.456,-1.465,-2.136
-0.043,-0.322,1.002,3.845,-2.869,-2.014

-0.309,-1.612,0.982,-20.264,49.683,-236.023
-0.230,-1.327,0.816,-9.521,51.636,-161.499
-0.142,-0.899,0.782,8.362,43.091,-96.436
-0.063,-0.640,0.827,2.319,31.250,-58.228
-0.025,-0.779,0.716,-1.465,27.893,-43.152
-0.025,-0.721,0.698,12.390,15.808,-24.475
-0.028,-0.545,0.839,21.729,-3.540,-4.089
-0.057,-0.518,0.938,24.353,-13.733,4.395
-0.103,-0.538,0.990,26.245,-16.541,8.972
-0.127,-0.513,1.026,29.297,-18.005,15.137
-0.132,-0.463,1.018,31.433,-17.029,19.836
-0.109,-0.376,1.006,30.579,-14.038,22.888
-0.088,-0.336,1.019,28.625,-11.841,21.179
-0.089,-0.391,0.963,23.865,-8.545,15.137
-0.074,-0.390,0.930,17.639,-5.981,12.390
-0.073,-0.327,0.961,12.878,-6.714,11.902
-0.073,-0.314,0.969,6.592,-5.737,7.996
-0.085,-0.356,0.963,-0.610,-3.967,1.465
-0.090,-0.395,0.972,-4.150,-1.953,-2.014
-0.094,-0.451,0.974,-3.845,0.244,-2.991
-0.085,-0.478,0.955,-4.089,2.625,-1.282
-0.067,-0.466,0.951,-5.859,3.662,1.709
-0.066,-0.460,0.927,-11.230,5.432,4.456
-0.057,-0.431,0.929,-15.564,5.310,6.592
-0.056,-0.392,0.971,-14.648,2.441,7.385
-0.059,-0.400,0.956,-11.414,2.014,5.981
-0.064,-0.410,0.966,-8.179,1.099,4.761
-0.056,-0.392,0.974,-5.493,-0.061,3.906
-0.044,-0.363,0.971,-3.723,-0.366,2.808
-0.050,-0.393,0.948,-1.648,0.183,0.183
-0.051,-0.420,0.943,0.793,-0.061,-1.831
-0.047,-0.394,0.960,2.563,-1.404,-1.587
-0.049,-0.389,0.960,3.540,-1.221,-2.197
-0.051,-0.417,0.944,2.258,-0.244,-3.296
-0.048,-0.423,0.931,2.625,-0.549,-3.540
-0.047,-0.440,0.924,2.625,-1.160,-2.380
-0.032,-0.423,0.928,1.038,-1.587,-0.610
-0.031,-0.379,0.946,-0.427,-2.686,0.793
-0.039,-0.395,0.922,-0.916,-1.892,-0.244
-0.051,-0.393,0.934,-0.183,-2.808,-1.343
-0.059,-0.399,0.963,1.282,-4.272,-2.075
-0.064,-0.409,0.982,0.854,-4.333,-2.441
-0.059,-0.417,0.987,1.282,-3.723,-2.258
-0.060,-0.425,0.977,2.197,-2.563,-1.709
-0.046,-0.374,0.967,2.502,-1.404,-0.549
-0.044,-0.370,0.939,0.977,0.061,-1.282
-0.041,-0.390,0.908,-1.343,0.916,-3.113
-0.041,-0.399,0.934,-2.502,-0.427,-3.296
-0.047,-0.425,0.942,-4.028,-0.916,-2.808
-0.049,-0.440,0.962,-4.089,-1.099,-1.465
-0.051,-0.427,0.962,-4.700,-0.122,1.221
-0.054,-0.433,0.965,-4.211,0.244,3.174
-0.041,-0.387,0.991,-2.136,-0.854,5.127
-0.037,-0.390,0.999,-1.282,-0.122,5.005
-0.042,-0.440,0.952,-3.296,2.197,3.784
-0.039,-0.456,0.948,-5.188,1.892,4.822
-0.031,-0.416,0.963,-5.676,0.488,7.629
-0.039,-0.443,0.970,-6.653,0.061,8.728
-0.049,-0.503,0.959,-12.451,1.587,9.766
-0.049,-0.501,0.951,-18.066,3.357,15.137
-0.040,-0.442,0.961,-18.738,3.296,22.339
-0.039,-0.392,0.952,-17.639,2.380,26.855
-0.058,-0.401,0.957,-16.357,0.183,27.527
-0.079,-0.455,0.958,-17.700,-1.099,27.710
-0.094,-0.482,0.952,-19.592,-1.282,31.494
-0.100,-0.481,0.967,-17.212,-3.052,37.292
-0.103,-0.523,0.963,-17.639,-2.563,43.945
-0.102,-0.590,0.936,-25.879,0.793,53.040
-0.105,-0.650,0.905,-36.865,3.723,66.406
-0.106,-0.718,0.859,-48.828,5.615,83.740
-0.116,-0.809,0.824,-59.814,4.395,104.736
-0.142,-0.889,0.816,-66.040,-2.136,130.005
-0.174,-0.904,0.825,-60.425,-11.169,161.377
-0.310,-1.117,0.761,-49.927,-22.095,194.885
-0.355,-1.258,0.625,-48.889,-32.593,239.258
-0.432,-1.175,0.568,-46.753,-54.443,296.021
-0.506,-0.939,0.572,-41.809,-84.717,345.825
-0.551,-0.519,0.649,-28.992,-120.789,383.606
-0.542,-0.021,1.026,0.122,-156.616,401.489
-0.443,0.061,1.629,52.002,-177.856,390.564
-0.388,0.112,1.248,26.855,-137.939,362.732
-0.303,0.042,1.124,-14.404,-106.201,334.045
-0.175,0.232,0.959,-28.076,-97.839,315.186
-0.066,0.335,0.906,-32.471,-96.619,291.565
-0.036,0.437,1.165,-37.109,-98.755,262.329
-0.051,0.531,1.403,-39.551,-89.722,231.567
-0.094,0.357,1.342,-38.147,-57.739,194.153
-0.120,0.249,1.219,-27.405,-32.166,162.292
-0.111,0.229,1.083,-17.151,-16.907,138.123
-0.125,0.184,1.001,-10.559,-10.986,114.685
-0.124,0.104,0.974,-4.822,-11.902,90.759
-0.094,0.084,1.005,1.831,-14.099,70.068
-0.063,0.031,1.000,8.789,-15.259,51.697
-0.035,-0.042,1.066,11.230,-14.282,34.119
0.001,-0.111,1.099,8.972,-11.658,21.545
0.013,-0.124,1.105,5.615,-6.714,13.123
0.010,-0.117,1.040,4.333,-1.770,7.874
0.006,-0.130,0.971,3.784,1.587,2.869
0.006,-0.175,0.945,3.174,0.000,-1.648
0.011,-0.184,0.978,3.479,-3.174,-4.578
-0.002,-0.199,1.008,6.409,-5.615,-5.981
-0.016,-0.225,1.012,7.996,-5.066,-6.348
-0.020,-0.235,1.021,8.606,-4.395,-6.226
-0.025,-0.232,1.024,9.888,-3.967,-6.104
-0.026,-0.239,1.018,10.803,-3.174,-6.165
-0.029,-0.269,1.000,10.620,-2.502,-6.592
-0.031,-0.246,1.015,10.559,-3.113,-6.287
-0.027,-0.249,0.985,11.353,-3.296,-6.409
-0.025,-0.276,0.997,10.681,-3.906,-7.019
-0.026,-0.269,1.032,10.437,-5.127,-6.409
-0.030,-0.279,1.005,11.719,-4.333,-5.798
-0.033,-0.252,1.011,11.475,-3.357,-4.333
-0.036,-0.298,0.975,10.864,-2.625,-3.967
-0.033,-0.303,1.001,8.972,-3.235,-3.052
-0.038,-0.245,1.051,7.996,-4.211,-0.610
-0.045,-0.243,1.028,9.094,-1.953,-0.916
-0.038,-0.277,0.999,8.606,-0.122,-2.991
-0.039,-0.290,1.008,8.057,-1.099,-4.089
-0.037,-0.283,1.033,7.202,-2.319,-3.967

-0.389,-1.312,1.090,62.744,55.298,-284.668
-0.380,-1.402,0.822,59.814,70.557,-243.469
-0.317,-1.222,0.513,46.753,76.233,-183.594
-0.177,-0.761,0.622,25.513,53.528,-122.742
-0.109,-0.623,0.738,14.893,34.485,-90.149
-0.107,-0.665,0.717,25.146,28.809,-77.515
-0.132,-0.625,0.821,22.278,20.813,-62.012
-0.131,-0.628,0.895,0.610,17.334,-47.485
-0.146,-0.644,0.914,-6.775,16.724,-35.095
-0.150,-0.625,0.956,1.343,12.573,-21.179
-0.139,-0.562,0.970,9.583,8.789,-8.728
-0.144,-0.561,0.964,11.963,6.287,-2.563
-0.141,-0.556,0.911,8.362,5.859,3.540
-0.141,-0.517,0.903,3.845,3.784,11.108
-0.142,-0.500,0.916,3.052,0.916,17.029
-0.130,-0.461,0.922,7.263,-2.258,21.057
-0.118,-0.398,0.990,13.062,-5.615,22.827
-0.111,-0.396,0.977,13.245,-5.676,20.569
-0.110,-0.421,0.956,12.451,-4.456,16.785
-0.109,-0.442,0.934,12.085,-4.333,15.808
-0.093,-0.437,0.931,12.695,-4.822,16.174
-0.080,-0.397,0.974,14.465,-6.775,16.357
-0.086,-0.412,0.962,13.062,-5.493,14.160
-0.087,-0.412,0.955,11.658,-4.395,11.414
-0.074,-0.360,0.973,11.047,-4.211,10.132
-0.068,-0.356,0.939,7.141,-2.319,6.958
-0.070,-0.396,0.917,1.282,-0.610,2.319
-0.077,-0.458,0.896,-2.136,-0.916,-0.977
-0.079,-0.466,0.916,-2.441,-2.930,-0.793
-0.081,-0.476,0.974,-0.305,-4.333,0.610
-0.087,-0.483,0.977,1.770,-3.540,1.892
-0.087,-0.494,0.949,2.441,-1.404,4.028
-0.080,-0.481,0.929,3.479,-0.488,6.653
-0.073,-0.442,0.936,5.127,-1.282,8.606
-0.071,-0.442,0.914,5.493,-1.709,9.399
-0.075,-0.437,0.899,4.578,-2.319,9.216
-0.073,-0.403,0.936,4.944,-4.517,9.033
-0.077,-0.389,0.960,5.615,-5.188,7.385
-0.092,-0.418,0.954,4.456,-4.150,4.700
-0.093,-0.433,0.951,3.113,-3.540,2.991
-0.086,-0.433,0.939,3.418,-2.991,2.625
-0.075,-0.418,0.927,4.761,-2.808,2.625
-0.078,-0.448,0.924,4.578,-2.991,1.831
-0.075,-0.461,0.921,4.578,-3.357,1.709
-0.067,-0.440,0.953,5.676,-4.089,2.625
-0.067,-0.466,0.948,6.226,-3.662,2.380
-0.070,-0.473,0.934,7.202,-3.113,2.502
-0.066,-0.453,0.924,8.911,-3.662,4.211
-0.064,-0.461,0.922,8.850,-3.784,5.066
-0.063,-0.452,0.931,7.385,-4.089,5.737
-0.065,-0.433,0.951,7.019,-4.272,6.104
-0.067,-0.404,0.950,7.141,-3.845,5.798
-0.074,-0.445,0.933,6.409,-2.747,3.845
-0.077,-0.481,0.913,4.272,-1.953,3.235
-0.076,-0.510,0.912,1.831,-1.953,5.371
-0.089,-0.579,0.887,-1.770,-1.282,8.972
-0.092,-0.641,0.879,-6.958,-0.671,16.357
-0.087,-0.656,0.889,-12.390,-1.587,27.649
-0.100,-0.694,0.855,-22.949,0.244,40.955
-0.104,-0.759,0.776,-36.560,2.563,55.969
-0.139,-0.829,0.790,-45.288,-1.404,74.829
-0.176,-0.884,0.784,-46.509,-8.057,97.046
-0.213,-0.902,0.777,-42.969,-17.761,122.681
-0.292,-0.996,0.764,-39.307,-30.212,148.865
-0.341,-1.111,0.705,-37.659,-42.419,182.129
-0.339,-0.930,0.659,-32.288,-60.730,226.013
-0.293,-0.582,0.687,-10.925,-87.830,260.437
-0.310,-0.321,0.710,8.301,-114.380,275.940
-0.336,-0.297,0.770,8.728,-133.850,274.780
-0.339,-0.486,0.911,1.953,-148.132,269.226
-0.327,-0.394,0.831,-13.062,-148.621,273.193
-0.312,-0.282,0.985,-37.781,-150.024,277.527
-0.239,-0.113,1.109,-62.500,-141.785,272.827
-0.177,-0.089,1.215,-61.462,-131.897,258.728
-0.136,-0.075,1.181,-62.866,-115.662,242.981
-0.091,-0.153,0.991,-86.914,-91.675,223.999
-0.082,0.048,1.022,-98.083,-83.374,214.355
-0.083,0.152,1.151,-74.341,-87.524,198.486
-0.107,0.196,1.167,-64.819,-76.965,171.021
-0.139,0.141,1.240,-51.880,-64.697,143.433
-0.140,0.068,1.184,-41.565,-49.561,117.004
-0.134,-0.019,1.132,-33.447,-35.095,95.093
-0.117,-0.052,1.083,-25.818,-25.513,78.247
-0.110,-0.065,1.044,-19.714,-18.250,63.965
-0.092,-0.034,1.052,-9.705,-15.808,51.025
-0.066,-0.025,1.075,0.488,-14.404,36.194
-0.051,-0.108,1.050,7.080,-11.597,19.531
-0.058,-0.197,1.024,7.874,-7.751,6.958
-0.064,-0.231,1.020,8.728,-5.981,0.732
-0.067,-0.221,1.020,9.338,-3.906,-2.258
-0.057,-0.245,0.996,10.193,-2.075,-5.615
-0.044,-0.314,0.957,8.606,-0.793,-8.301
-0.044,-0.334,0.972,5.920,-1.770,-8.728
-0.049,-0.316,0.996,5.371,-3.479,-6.592
-0.055,-0.298,1.001,5.554,-4.028,-5.920
-0.065,-0.302,1.005,5.676,-3.967,-5.859
-0.077,-0.315,0.994,5.981,-3.540,-6.042
-0.080,-0.321,0.997,6.287,-3.479,-5.737
-0.084,-0.333,0.991,7.263,-3.601,-5.432
-0.087,-0.368,0.981,6.531,-3.296,-4.700
-0.083,-0.333,1.010,6.287,-3.784,-2.197
-0.089,-0.296,1.007,7.141,-2.930,-0.244
-0.089,-0.302,0.991,7.080,-1.221,-0.977
-0.089,-0.333,0.980,6.714,-1.160,-2.502
-0.090,-0.344,0.985,6.042,-2.136,-2.930
-0.094,-0.338,0.991,5.859,-2.686,-2.319
-0.093,-0.327,0.983,5.310,-2.014,-1.892
-0.094,-0.317,0.980,5.066,-1.648,-2.014
-0.090,-0.326,0.967,5.432,-1.343,-2.502
-0.087,-0.353,0.958,5.310,-1.465,-2.380
-0.086,-0.359,0.971,4.578,-2.258,-1.404
-0.086,-0.351,0.990,3.784,-2.808,0.183
-0.093,-0.343,1.002,2.686,-2.441,1.465
-0.090,-0.319,1.002,2.502,-1.526,1.892
-0.089,-0.304,0.993,3.113,-0.549,1.221
-0.086,-0.332,0.976,3.052,-0.061,0.000
-0.077,-0.336,0.962,3.052,-0.549,-0.305
-0.076,-0.334,0.986,3.113,-2.563,0.244
-0.081,-0.334,1.000,3.174,-3.540,0.427

-0.342,-1.292,0.858,16.846,35.522,-186.340
-0.302,-1.100,0.946,10.376,31.860,-132.202
-0.239,-0.915,0.977,1.465,32.837,-92.163
-0.178,-0.752,0.938,-6.348,35.583,-61.035
-0.143,-0.648,0.822,-8.789,35.950,-39.978
-0.117,-0.624,0.725,-5.615,29.480,-27.344
-0.113,-0.580,0.737,-2.625,15.625,-16.052
-0.131,-0.553,0.846,1.099,0.244,-7.263
-0.157,-0.533,0.964,4.944,-9.155,-0.732
-0.183,-0.515,1.020,9.338,-11.536,5.249
-0.194,-0.507,1.021,14.709,-9.460,10.315
-0.203,-0.504,1.023,22.339,-7.141,13.306
-0.171,-0.488,0.982,26.001,-4.700,16.846
-0.133,-0.443,0.938,27.527,-3.784,19.592
-0.122,-0.432,0.901,27.039,-3.784,20.203
-0.099,-0.391,0.905,25.330,-4.822,19.470
-0.106,-0.389,0.924,20.264,-6.165,17.334
-0.127,-0.444,0.915,14.160,-5.554,13.123
-0.134,-0.425,0.938,10.864,-6.531,12.390
-0.133,-0.405,0.968,9.521,-6.653,11.780
-0.141,-0.405,0.973,6.104,-4.822,9.521
-0.134,-0.402,0.937,2.258,-2.319,7.507
-0.135,-0.419,0.917,-1.770,-0.549,5.981
-0.136,-0.448,0.911,-5.859,0.000,4.822
-0.135,-0.461,0.942,-8.301,-0.488,4.700
-0.136,-0.484,0.918,-10.254,1.160,5.859
-0.115,-0.471,0.914,-10.620,2.014,7.690
-0.101,-0.428,0.938,-6.653,0.732,9.521
-0.098,-0.429,0.916,-3.357,1.526,8.728
-0.095,-0.437,0.920,-2.502,0.793,7.080
-0.098,-0.440,0.912,-4.211,0.366,6.042
-0.098,-0.437,0.928,-6.714,0.427,5.859
-0.110,-0.457,0.922,-7.263,0.000,5.249
-0.111,-0.451,0.922,-7.263,-0.305,5.615
-0.114,-0.423,0.955,-5.676,-1.526,6.653
-0.112,-0.402,0.977,-5.859,-0.793,6.226
-0.113,-0.405,0.972,-8.728,1.709,4.333
-0.127,-0.456,0.958,-9.644,3.784,2.502
-0.130,-0.490,0.957,-9.949,4.639,2.991
-0.135,-0.532,0.950,-13.611,5.737,5.188
-0.131,-0.555,0.924,-19.348,7.568,10.193
-0.131,-0.578,0.899,-22.705,8.484,17.029
-0.126,-0.610,0.874,-26.794,8.240,25.940
-0.140,-0.676,0.843,-38.147,8.301,37.720
-0.195,-0.854,0.806,-55.054,8.728,53.284
-0.256,-1.040,0.744,-82.458,10.864,78.796
-0.314,-1.115,0.814,-113.403,10.132,116.577
-0.380,-1.206,0.841,-129.578,7.629,158.997
-0.465,-1.318,0.846,-137.634,7.629,209.106
-0.433,-1.088,0.793,-141.541,6.592,269.165
-0.380,-0.723,0.701,-116.516,-7.141,321.167
-0.387,-0.532,0.658,-81.543,-31.006,348.633
-0.413,-0.484,0.639,-67.261,-54.871,365.540
-0.378,-0.139,0.628,-72.205,-77.881,380.127
-0.362,0.002,0.788,-72.388,-104.248,380.493
-0.378,0.114,0.844,-82.275,-119.324,365.479
-0.319,0.269,0.958,-76.782,-129.456,345.886
-0.243,0.516,1.204,-53.284,-136.353,323.181
-0.125,0.639,1.289,-37.109,-125.793,289.185
-0.052,0.659,1.300,-30.823,-104.126,245.056
0.002,0.562,1.429,-22.339,-83.618,197.449
0.006,0.401,1.352,-15.808,-54.626,154.419
-0.018,0.233,1.192,-10.925,-30.334,120.667
-0.028,0.160,1.090,-3.601,-18.799,97.717
-0.039,0.147,1.082,7.629,-18.005,80.383
-0.079,0.062,1.051,17.456,-17.883,63.660
-0.085,-0.029,1.000,20.996,-16.418,49.194
-0.076,-0.049,1.054,20.691,-18.921,38.330
-0.093,-0.081,1.085,17.334,-19.226,28.198
-0.086,-0.100,1.089,12.146,-16.052,19.409
-0.083,-0.135,1.061,7.935,-11.963,12.329
-0.081,-0.204,0.989,4.578,-8.179,7.751
-0.067,-0.224,0.987,2.319,-8.118,7.202
-0.064,-0.245,1.000,-0.244,-11.047,7.874
-0.068,-0.202,1.048,-2.625,-13.977,8.606
-0.091,-0.168,1.059,-3.540,-14.526,8.118
-0.102,-0.161,1.060,-5.188,-11.292,6.104
-0.115,-0.177,1.026,-5.859,-7.812,4.028
-0.107,-0.167,1.005,-5.676,-5.615,2.747
-0.111,-0.139,1.002,-4.578,-5.188,1.587
-0.104,-0.131,1.016,-3.235,-4.761,-0.732
-0.087,-0.173,1.019,-2.136,-4.761,-4.456
-0.084,-0.224,1.030,-2.136,-5.005,-6.409
-0.079,-0.224,1.035,-2.380,-4.333,-5.676
-0.076,-0.227,1.039,-2.930,-3.357,-3.906
-0.063,-0.257,1.008,-5.127,-1.221,-1.709
-0.067,-0.229,1.061,-7.202,-0.916,2.136
-0.078,-0.182,1.041,-6.836,1.465,5.310
-0.078,-0.144,1.001,-6.042,4.883,6.714
-0.068,-0.146,0.954,-4.395,5.676,5.615
-0.063,-0.163,0.946,-2.563,3.479,3.906
-0.063,-0.162,0.972,-0.305,0.305,3.479
-0.065,-0.192,0.992,0.244,-0.977,3.174
-0.073,-0.186,1.030,0.183,-1.709,3.540
-0.087,-0.193,1.007,0.610,0.366,3.601
-0.085,-0.181,0.993,0.793,1.892,3.723
-0.088,-0.190,0.992,0.488,1.770,3.052
-0.080,-0.189,1.001,-0.305,0.977,2.380
-0.086,-0.203,1.018,-0.122,0.549,1.770
-0.088,-0.229,1.013,-1.770,1.465,1.160
-0.097,-0.228,1.022,-3.662,2.686,1.953
-0.098,-0.191,1.018,-4.517,5.127,3.662
-0.095,-0.172,1.018,-4.761,6.897,4.028
-0.094,-0.184,1.012,-5.493,8.057,2.869
-0.082,-0.184,1.014,-5.615,8.240,1.770
-0.079,-0.193,1.030,-5.554,8.240,1.343
-0.069,-0.201,1.032,-5.310,8.118,0.977
-0.071,-0.186,1.035,-4.944,7.996,1.526
-0.065,-0.162,1.025,-4.517,8.484,1.831
-0.063,-0.174,1.005,-4.761,8.484,1.099
-0.055,-0.182,1.000,-4.395,6.592,0.916
-0.052,-0.185,1.004,-3.113,3.723,0.977
-0.057,-0.181,1.012,-2.136,0.977,1.465
-0.063,-0.165,1.031,-1.404,-0.305,1.648
-0.069,-0.181,1.010,-1.038,-0.366,0.977
-0.065,-0.193,1.008,-1.343,-0.549,0.732
-0.071,-0.197,1.039,-2.319,-1.160,1.282
-0.067,-0.168,1.052,-3.540,-0.122,2.258
-0.074,-0.177,1.047,-4.456,2.319,2.197

-0.689,-1.584,0.504,49.683,106.628,-375.000
-0.572,-1.730,0.551,10.620,88.379,-313.965
-0.430,-1.600,0.664,-12.573,65.369,-231.323
-0.261,-1.507,1.102,11.658,41.565,-152.649
-0.254,-1.012,0.796,87.830,32.166,-93.140
-0.164,-0.613,0.678,43.030,29.602,-40.833
-0.111,-0.609,0.749,19.409,18.066,-22.034
-0.106,-0.685,0.820,19.592,5.005,-8.057
-0.112,-0.549,0.798,23.865,-0.916,7.202
-0.110,-0.470,0.943,21.790,-9.766,18.005
-0.142,-0.495,0.948,16.846,-12.329,20.142
-0.155,-0.535,0.936,13.916,-12.268,20.935
-0.154,-0.493,1.000,17.090,-15.991,25.024
-0.139,-0.450,1.043,25.452,-17.578,27.466
-0.130,-0.430,0.979,28.442,-13.611,27.832
-0.122,-0.455,0.905,23.193,-9.460,26.855
-0.112,-0.427,0.898,20.325,-11.658,26.489
-0.107,-0.411,0.915,19.287,-14.099,25.696
-0.114,-0.403,0.935,18.250,-14.526,23.437
-0.126,-0.441,0.948,17.944,-13.977,20.569
-0.130,-0.465,0.946,17.944,-12.085,19.470
-0.117,-0.448,0.974,18.066,-10.986,20.081
-0.113,-0.441,0.955,17.822,-8.972,20.020
-0.101,-0.421,0.906,12.329,-5.066,19.653
-0.090,-0.374,0.916,3.662,-4.028,19.531
-0.103,-0.408,0.899,-5.737,-2.563,16.418
-0.109,-0.439,0.905,-8.911,-2.136,13.489
-0.102,-0.415,0.950,-5.005,-4.028,12.939
-0.098,-0.413,0.946,-1.282,-3.174,11.108
-0.103,-0.449,0.925,-0.610,-1.709,8.728
-0.093,-0.459,0.913,-1.465,-1.282,7.935
-0.091,-0.456,0.947,0.244,-2.686,7.690
-0.096,-0.481,0.933,2.197,-2.380,6.592
-0.099,-0.484,0.928,6.592,-2.625,6.592
-0.102,-0.500,0.920,9.827,-3.357,7.690
-0.105,-0.532,0.911,9.338,-3.540,9.277
-0.107,-0.551,0.902,7.080,-3.967,12.390
-0.099,-0.553,0.871,6.348,-4.700,17.273
-0.103,-0.568,0.871,4.883,-6.775,22.400
-0.127,-0.641,0.868,1.160,-9.094,27.588
-0.160,-0.758,0.829,-4.272,-10.132,35.706
-0.198,-0.888,0.792,-13.855,-11.658,51.392
-0.261,-1.045,0.752,-25.452,-14.771,74.524
-0.312,-1.244,0.677,-35.950,-18.555,108.582
-0.388,-1.303,0.673,-43.579,-27.588,156.250
-0.419,-1.364,0.661,-37.842,-40.283,203.430
-0.392,-1.234,0.656,-3.601,-61.646,253.540
-0.387,-1.097,0.583,34.973,-85.938,296.753
-0.408,-0.934,0.457,57.373,-113.953,328.308
-0.438,-0.711,0.454,65.002,-150.940,352.539
-0.487,-0.545,0.439,62.866,-190.674,363.647
-0.597,-0.387,0.278,52.551,-228.333,363.281
-0.579,-0.171,0.404,3.906,-267.944,357.544
-0.616,-0.041,0.668,-50.903,-300.476,338.501
-0.620,0.166,1.020,-81.360,-315.125,328.674
-0.553,0.396,1.526,-100.464,-311.951,307.434
-0.444,0.442,1.831,-116.211,-266.235,275.635
-0.334,0.359,1.760,-130.920,-186.829,236.267
-0.174,0.145,1.406,-143.250,-110.107,194.824
-0.072,0.039,1.217,-145.691,-65.918,163.818
-0.072,0.065,1.274,-116.882,-55.176,142.761
-0.082,0.055,1.201,-93.628,-41.077,123.108
-0.135,-0.020,1.086,-76.294,-26.978,102.783
-0.183,-0.070,1.161,-52.612,-25.146,83.496
-0.211,-0.085,1.139,-29.663,-20.569,65.552
-0.202,-0.167,0.983,-14.954,-8.728,52.490
-0.174,-0.320,1.002,-10.071,-4.944,34.363
-0.152,-0.231,1.002,-7.874,-5.554,23.865
-0.126,-0.266,1.056,-8.057,-3.418,20.508
-0.107,-0.268,1.013,-7.812,-0.305,14.465
-0.103,-0.291,1.011,-7.935,-0.305,10.803
-0.105,-0.288,0.997,-7.751,-0.244,8.789
-0.107,-0.297,1.004,-5.554,-1.648,5.981
-0.117,-0.317,0.980,-3.052,-0.977,3.296
-0.121,-0.323,0.980,-1.831,-1.160,2.136
-0.117,-0.335,0.986,-0.366,-2.075,1.160
-0.120,-0.321,1.006,0.732,-3.052,0.854
-0.129,-0.324,1.007,1.709,-2.686,0.000
-0.128,-0.320,1.001,2.930,-1.587,-1.099
-0.129,-0.335,0.983,3.540,-0.549,-2.625
-0.122,-0.339,0.986,3.296,-1.038,-3.418
-0.121,-0.350,0.981,3.845,-2.014,-3.845
-0.127,-0.368,0.966,4.028,-2.319,-4.089
-0.123,-0.350,0.994,3.723,-3.174,-2.991
-0.125,-0.341,0.999,3.845,-2.930,-2.441
-0.125,-0.353,0.978,4.272,-2.075,-2.991
-0.128,-0.363,0.978,3.845,-2.014,-3.235
-0.132,-0.340,0.988,3.784,-2.136,-1.892
-0.133,-0.356,0.967,4.028,-0.854,-2.014
-0.135,-0.352,0.966,4.150,-0.610,-1.770
-0.130,-0.345,0.971,4.272,-1.221,-1.709
-0.130,-0.351,0.970,4.761,-1.465,-2.197
-0.133,-0.348,0.971,5.127,-1.587,-2.625
-0.133,-0.355,0.964,5.371,-1.343,-3.052
-0.128,-0.392,0.954,4.395,-1.038,-3.723
-0.125,-0.390,0.973,2.563,-1.404,-2.869
-0.126,-0.360,0.978,1.343,-1.038,-1.160
-0.125,-0.365,0.937,0.977,0.549,-0.366
-0.120,-0.347,0.946,0.977,0.122,0.305
-0.122,-0.349,0.947,2.075,-1.160,0.244
-0.122,-0.360,0.949,3.052,-2.075,-0.549
-0.124,-0.356,0.966,3.418,-3.052,-0.427
-0.123,-0.362,0.961,3.662,-2.502,-0.366
-0.121,-0.361,0.965,3.967,-1.770,-0.305
-0.126,-0.363,0.964,3.906,-1.282,-0.244
-0.128,-0.344,0.976,3.662,-0.549,0.183
-0.135,-0.357,0.949,3.906,1.099,-0.305
-0.134,-0.383,0.943,3.418,1.038,-1.343
-0.131,-0.370,0.973,2.991,-0.244,-0.793
-0.135,-0.348,0.981,3.479,0.610,-0.244
-0.128,-0.350,0.941,4.150,2.197,-0.793
-0.117,-0.402,0.896,3.235,2.380,-1.770
-0.111,-0.393,0.968,1.831,-1.709,0.000
-0.124,-0.363,0.988,2.563,-3.357,2.197
-0.132,-0.352,0.979,2.930,-1.953,2.625
-0.137,-0.337,0.965,3.479,-0.793,2.014
-0.137,-0.347,0.962,4.150,-1.038,0.549
-0.123,-0.415,0.945,3.418,-1.892,-1.648
-0.123,-0.411,0.992,1.831,-3.479,-0.366

